contrast,method,reference,budget,learner,scope,repeats,mean_relative_rmse_gain,median_relative_rmse_gain,positive_repeat_fraction,mean_r2_gain,cluster_ci95_low,cluster_ci95_high,cluster_randomization_p,holm_p
real_vs_recipient_only,recipient_plus_real_conductivity,recipient_only,120,extra_trees,supported_hard_ood_40pct,200,0.0004938111688234172,0.000418729167120564,0.55,0.0010440563766799648,-0.0002897555509653038,0.001036626440012067,0.2743725627437256,0.5487451254874512
real_vs_shuffled_conductivity,recipient_plus_real_conductivity,recipient_plus_shuffled_conductivity,120,extra_trees,supported_hard_ood_40pct,200,0.0010600214930367921,0.0009773148104433955,0.625,0.0022430405855627376,0.0001948342459432706,0.0014922390553924576,0.009299070092990702,0.027897210278972105
real_vs_voltage_control,recipient_plus_real_conductivity,recipient_plus_voltage_control,120,extra_trees,supported_hard_ood_40pct,200,-0.0001652719419931315,-0.0003589073118072468,0.47,-0.00028737262124420906,-0.0007025759458011594,0.0009552765107877501,0.8171182881711829,0.8171182881711829
real_vs_energy_control,recipient_plus_real_conductivity,recipient_plus_energy_control,120,extra_trees,supported_hard_ood_40pct,200,0.0008689024373460967,0.0004547934736985524,0.53,0.0018803366045277953,0.0004539149205475435,0.0017262441346023057,0.000999900009999,0.003999600039996
real_vs_recipient_only,recipient_plus_real_conductivity,recipient_only,120,extra_trees,source_supported_external,200,0.0006108839563419179,0.0006072049881908287,0.57,0.001275246979030668,0.00018663276377647864,0.0010030717629289892,0.0017998200179982,0.0035996400359964
real_vs_shuffled_conductivity,recipient_plus_real_conductivity,recipient_plus_shuffled_conductivity,120,extra_trees,source_supported_external,200,0.0009960836222251796,0.0007915947742078602,0.61,0.0021327410024697957,0.0005450835711355656,0.0012776231891137217,9.999000099990002e-05,0.00039996000399960006
real_vs_voltage_control,recipient_plus_real_conductivity,recipient_plus_voltage_control,120,extra_trees,source_supported_external,200,0.00019139784934668028,-0.00021718214296430203,0.47,0.00040362465334280005,-0.0003407575069076851,0.0007503133675207135,0.48935106489351066,0.48935106489351066
real_vs_energy_control,recipient_plus_real_conductivity,recipient_plus_energy_control,120,extra_trees,source_supported_external,200,0.0010255328104262992,0.0008985680535152057,0.6,0.0021374842569124473,0.000409619135422562,0.001337165327054851,9.999000099990002e-05,0.00039996000399960006
real_vs_recipient_only,recipient_plus_real_conductivity,recipient_only,120,extra_trees,full_external,200,0.0006108839563419179,0.0006072049881908287,0.57,0.001275246979030668,0.00018663276377647864,0.0010030717629289892,0.0017998200179982,0.0035996400359964
real_vs_shuffled_conductivity,recipient_plus_real_conductivity,recipient_plus_shuffled_conductivity,120,extra_trees,full_external,200,0.0009960836222251796,0.0007915947742078602,0.61,0.0021327410024697957,0.0005450835711355656,0.0012776231891137217,9.999000099990002e-05,0.00039996000399960006
real_vs_voltage_control,recipient_plus_real_conductivity,recipient_plus_voltage_control,120,extra_trees,full_external,200,0.00019139784934668028,-0.00021718214296430203,0.47,0.00040362465334280005,-0.0003407575069076851,0.0007503133675207135,0.48935106489351066,0.48935106489351066
real_vs_energy_control,recipient_plus_real_conductivity,recipient_plus_energy_control,120,extra_trees,full_external,200,0.0010255328104262992,0.0008985680535152057,0.6,0.0021374842569124473,0.000409619135422562,0.001337165327054851,9.999000099990002e-05,0.00039996000399960006
real_vs_recipient_only,recipient_plus_real_conductivity,recipient_only,120,extra_trees,strict_early_cycle_external,200,0.0007174159535908749,0.0005383044934649439,0.515,0.0014595154050363697,-0.002874212656326669,0.004700459000590548,0.6673332666733327,1.0
real_vs_shuffled_conductivity,recipient_plus_real_conductivity,recipient_plus_shuffled_conductivity,120,extra_trees,strict_early_cycle_external,200,0.001961355801536958,0.000895339901848094,0.53,0.004781004543274396,-0.001156345675927406,0.005754262248241418,0.23467653234676533,0.704029597040296
real_vs_voltage_control,recipient_plus_real_conductivity,recipient_plus_voltage_control,120,extra_trees,strict_early_cycle_external,200,0.00038079459507572963,0.000542243046509956,0.54,0.0008450887853342609,-0.0035756154202757962,0.004314391753510625,0.8002199780021998,1.0
real_vs_energy_control,recipient_plus_real_conductivity,recipient_plus_energy_control,120,extra_trees,strict_early_cycle_external,200,0.003369687612385741,0.0029495055146300294,0.61,0.008518579245667648,-7.214844601917677e-05,0.007458777361334629,0.06669333066693331,0.26677332266773324
real_vs_recipient_only,recipient_plus_real_conductivity,recipient_only,120,random_forest,supported_hard_ood_40pct,200,0.0005811593697062155,0.0002482991421858522,0.52,0.0012532500891334092,-0.0010729120561360883,0.0018711913081593346,0.5698430156984302,1.0
real_vs_shuffled_conductivity,recipient_plus_real_conductivity,recipient_plus_shuffled_conductivity,120,random_forest,supported_hard_ood_40pct,200,0.001808374022932542,0.001508372135727781,0.625,0.0037462341211498057,-0.0006579144075116838,0.0017831394621771579,0.37336266373362664,1.0
real_vs_voltage_control,recipient_plus_real_conductivity,recipient_plus_voltage_control,120,random_forest,supported_hard_ood_40pct,200,-0.0006957960217108349,-0.0005365759456030314,0.44,-0.00136864172131668,-0.002458404120351748,0.0009746586586239888,0.37866213378662134,1.0
real_vs_energy_control,recipient_plus_real_conductivity,recipient_plus_energy_control,120,random_forest,supported_hard_ood_40pct,200,0.0017622877523916182,0.0014321550095939477,0.57,0.00374086353084182,-0.00011180740524168725,0.002608760787798604,0.0775922407759224,0.3103689631036896
real_vs_recipient_only,recipient_plus_real_conductivity,recipient_only,120,random_forest,source_supported_external,200,0.00015307746912609637,0.0009973804044275938,0.545,0.00040621357274498614,-0.0011405272786778442,0.0014711522054727253,0.8014198580141986,1.0
real_vs_shuffled_conductivity,recipient_plus_real_conductivity,recipient_plus_shuffled_conductivity,120,random_forest,source_supported_external,200,0.0010992142821060309,0.001225028316926989,0.575,0.0022941578198684017,-0.0004667567031410247,0.0018310944594688318,0.24137586241375864,0.7241275872412759
real_vs_voltage_control,recipient_plus_real_conductivity,recipient_plus_voltage_control,120,random_forest,source_supported_external,200,-9.913780999477595e-05,6.528548280115815e-05,0.505,-0.00020079129440122244,-0.002067653993920643,0.0013675348579449853,0.6419358064193581,1.0
real_vs_energy_control,recipient_plus_real_conductivity,recipient_plus_energy_control,120,random_forest,source_supported_external,200,0.001460607602673863,0.000973101552680227,0.555,0.003078567898971979,0.00011850428537321936,0.0024555134485912703,0.0321967803219678,0.1287871212878712
real_vs_recipient_only,recipient_plus_real_conductivity,recipient_only,120,random_forest,full_external,200,0.00015307746912609637,0.0009973804044275938,0.545,0.00040621357274498614,-0.0011405272786778442,0.0014711522054727253,0.8014198580141986,1.0
real_vs_shuffled_conductivity,recipient_plus_real_conductivity,recipient_plus_shuffled_conductivity,120,random_forest,full_external,200,0.0010992142821060309,0.001225028316926989,0.575,0.0022941578198684017,-0.0004667567031410247,0.0018310944594688318,0.24137586241375864,0.7241275872412759
real_vs_voltage_control,recipient_plus_real_conductivity,recipient_plus_voltage_control,120,random_forest,full_external,200,-9.913780999477595e-05,6.528548280115815e-05,0.505,-0.00020079129440122244,-0.002067653993920643,0.0013675348579449853,0.6419358064193581,1.0
real_vs_energy_control,recipient_plus_real_conductivity,recipient_plus_energy_control,120,random_forest,full_external,200,0.001460607602673863,0.000973101552680227,0.555,0.003078567898971979,0.00011850428537321936,0.0024555134485912703,0.0321967803219678,0.1287871212878712
real_vs_recipient_only,recipient_plus_real_conductivity,recipient_only,120,random_forest,strict_early_cycle_external,200,-0.00546374683540776,-0.0037918791162312657,0.405,-0.0121491211829241,-0.01376359820007717,0.005062758613677321,0.3618638136186381,1.0
real_vs_shuffled_conductivity,recipient_plus_real_conductivity,recipient_plus_shuffled_conductivity,120,random_forest,strict_early_cycle_external,200,-0.00041923976350651996,0.0011724235481508443,0.535,-0.0008248589030220055,-0.010621482827577156,0.010532993899983908,0.9842015798420158,1.0
real_vs_voltage_control,recipient_plus_real_conductivity,recipient_plus_voltage_control,120,random_forest,strict_early_cycle_external,200,-0.00563258932954096,-0.0026204921006527573,0.42,-0.013546209061957321,-0.018929800439018124,0.007455177604245136,0.44835516448355167,1.0
real_vs_energy_control,recipient_plus_real_conductivity,recipient_plus_energy_control,120,random_forest,strict_early_cycle_external,200,-0.0001968827257010583,-0.0007195846491199216,0.495,-0.0002165798750843756,-0.007373811560661524,0.00815433778799356,0.9633036696330367,1.0
