scope,seed,policy,auc20,first_hit,recall20,recall40,regret20
external_candidate,0,neighbor_round_robin,53.0,1,0.625,0.625,0.0
external_candidate,0,neighbor_consensus_top40,58.0,3,0.625,0.625,0.0
external_candidate,1,neighbor_round_robin,53.0,1,0.625,0.625,0.0
external_candidate,1,neighbor_consensus_top40,58.0,3,0.625,0.625,0.0
external_candidate,2,neighbor_round_robin,53.0,1,0.625,0.625,0.0
external_candidate,2,neighbor_consensus_top40,58.0,3,0.625,0.625,0.0
external_candidate,3,neighbor_round_robin,53.0,1,0.625,0.625,0.0
external_candidate,3,neighbor_consensus_top40,58.0,3,0.625,0.625,0.0
external_candidate,4,neighbor_round_robin,53.0,1,0.625,0.625,0.0
external_candidate,4,neighbor_consensus_top40,58.0,3,0.625,0.625,0.0
external_candidate,5,neighbor_round_robin,53.0,1,0.625,0.625,0.0
external_candidate,5,neighbor_consensus_top40,58.0,3,0.625,0.625,0.0
external_candidate,6,neighbor_round_robin,53.0,1,0.625,0.625,0.0
external_candidate,6,neighbor_consensus_top40,58.0,3,0.625,0.625,0.0
external_candidate,7,neighbor_round_robin,53.0,1,0.625,0.625,0.0
external_candidate,7,neighbor_consensus_top40,58.0,3,0.625,0.625,0.0
external_candidate,8,neighbor_round_robin,53.0,1,0.625,0.625,0.0
external_candidate,8,neighbor_consensus_top40,58.0,3,0.625,0.625,0.0
external_candidate,9,neighbor_round_robin,53.0,1,0.625,0.625,0.0
external_candidate,9,neighbor_consensus_top40,58.0,3,0.625,0.625,0.0
external_candidate,10,neighbor_round_robin,53.0,1,0.625,0.625,0.0
external_candidate,10,neighbor_consensus_top40,58.0,3,0.625,0.625,0.0
external_candidate,11,neighbor_round_robin,53.0,1,0.625,0.625,0.0
external_candidate,11,neighbor_consensus_top40,58.0,3,0.625,0.625,0.0
external_candidate,12,neighbor_round_robin,53.0,1,0.625,0.625,0.0
external_candidate,12,neighbor_consensus_top40,58.0,3,0.625,0.625,0.0
external_candidate,13,neighbor_round_robin,53.0,1,0.625,0.625,0.0
external_candidate,13,neighbor_consensus_top40,58.0,3,0.625,0.625,0.0
external_candidate,14,neighbor_round_robin,53.0,1,0.625,0.625,0.0
external_candidate,14,neighbor_consensus_top40,58.0,3,0.625,0.625,0.0
external_candidate,15,neighbor_round_robin,53.0,1,0.625,0.625,0.0
external_candidate,15,neighbor_consensus_top40,58.0,3,0.625,0.625,0.0
external_candidate,16,neighbor_round_robin,53.0,1,0.625,0.625,0.0
external_candidate,16,neighbor_consensus_top40,58.0,3,0.625,0.625,0.0
external_candidate,17,neighbor_round_robin,53.0,1,0.625,0.625,0.0
external_candidate,17,neighbor_consensus_top40,58.0,3,0.625,0.625,0.0
external_candidate,18,neighbor_round_robin,53.0,1,0.625,0.625,0.0
external_candidate,18,neighbor_consensus_top40,58.0,3,0.625,0.625,0.0
external_candidate,19,neighbor_round_robin,53.0,1,0.625,0.625,0.0
external_candidate,19,neighbor_consensus_top40,58.0,3,0.625,0.625,0.0
external_candidate,20,neighbor_round_robin,53.0,1,0.625,0.625,0.0
external_candidate,20,neighbor_consensus_top40,58.0,3,0.625,0.625,0.0
external_candidate,21,neighbor_round_robin,53.0,1,0.625,0.625,0.0
external_candidate,21,neighbor_consensus_top40,58.0,3,0.625,0.625,0.0
external_candidate,22,neighbor_round_robin,53.0,1,0.625,0.625,0.0
external_candidate,22,neighbor_consensus_top40,58.0,3,0.625,0.625,0.0
external_candidate,23,neighbor_round_robin,53.0,1,0.625,0.625,0.0
external_candidate,23,neighbor_consensus_top40,58.0,3,0.625,0.625,0.0
external_candidate,24,neighbor_round_robin,53.0,1,0.625,0.625,0.0
external_candidate,24,neighbor_consensus_top40,58.0,3,0.625,0.625,0.0
external_candidate,25,neighbor_round_robin,53.0,1,0.625,0.625,0.0
external_candidate,25,neighbor_consensus_top40,58.0,3,0.625,0.625,0.0
external_candidate,26,neighbor_round_robin,53.0,1,0.625,0.625,0.0
external_candidate,26,neighbor_consensus_top40,58.0,3,0.625,0.625,0.0
external_candidate,27,neighbor_round_robin,53.0,1,0.625,0.625,0.0
external_candidate,27,neighbor_consensus_top40,58.0,3,0.625,0.625,0.0
external_candidate,28,neighbor_round_robin,53.0,1,0.625,0.625,0.0
external_candidate,28,neighbor_consensus_top40,58.0,3,0.625,0.625,0.0
external_candidate,29,neighbor_round_robin,53.0,1,0.625,0.625,0.0
external_candidate,29,neighbor_consensus_top40,58.0,3,0.625,0.625,0.0
external_candidate,30,neighbor_round_robin,53.0,1,0.625,0.625,0.0
external_candidate,30,neighbor_consensus_top40,58.0,3,0.625,0.625,0.0
external_candidate,31,neighbor_round_robin,53.0,1,0.625,0.625,0.0
external_candidate,31,neighbor_consensus_top40,58.0,3,0.625,0.625,0.0
external_candidate,32,neighbor_round_robin,53.0,1,0.625,0.625,0.0
external_candidate,32,neighbor_consensus_top40,58.0,3,0.625,0.625,0.0
external_candidate,33,neighbor_round_robin,53.0,1,0.625,0.625,0.0
external_candidate,33,neighbor_consensus_top40,58.0,3,0.625,0.625,0.0
external_candidate,34,neighbor_round_robin,53.0,1,0.625,0.625,0.0
external_candidate,34,neighbor_consensus_top40,58.0,3,0.625,0.625,0.0
external_candidate,35,neighbor_round_robin,53.0,1,0.625,0.625,0.0
external_candidate,35,neighbor_consensus_top40,58.0,3,0.625,0.625,0.0
external_candidate,36,neighbor_round_robin,53.0,1,0.625,0.625,0.0
external_candidate,36,neighbor_consensus_top40,58.0,3,0.625,0.625,0.0
external_candidate,37,neighbor_round_robin,53.0,1,0.625,0.625,0.0
external_candidate,37,neighbor_consensus_top40,58.0,3,0.625,0.625,0.0
external_candidate,38,neighbor_round_robin,53.0,1,0.625,0.625,0.0
external_candidate,38,neighbor_consensus_top40,58.0,3,0.625,0.625,0.0
external_candidate,39,neighbor_round_robin,53.0,1,0.625,0.625,0.0
external_candidate,39,neighbor_consensus_top40,58.0,3,0.625,0.625,0.0
external_candidate,40,neighbor_round_robin,53.0,1,0.625,0.625,0.0
external_candidate,40,neighbor_consensus_top40,58.0,3,0.625,0.625,0.0
external_candidate,41,neighbor_round_robin,53.0,1,0.625,0.625,0.0
external_candidate,41,neighbor_consensus_top40,58.0,3,0.625,0.625,0.0
external_candidate,42,neighbor_round_robin,53.0,1,0.625,0.625,0.0
external_candidate,42,neighbor_consensus_top40,58.0,3,0.625,0.625,0.0
external_candidate,43,neighbor_round_robin,53.0,1,0.625,0.625,0.0
external_candidate,43,neighbor_consensus_top40,58.0,3,0.625,0.625,0.0
external_candidate,44,neighbor_round_robin,53.0,1,0.625,0.625,0.0
external_candidate,44,neighbor_consensus_top40,58.0,3,0.625,0.625,0.0
external_candidate,45,neighbor_round_robin,53.0,1,0.625,0.625,0.0
external_candidate,45,neighbor_consensus_top40,58.0,3,0.625,0.625,0.0
external_candidate,46,neighbor_round_robin,53.0,1,0.625,0.625,0.0
external_candidate,46,neighbor_consensus_top40,58.0,3,0.625,0.625,0.0
external_candidate,47,neighbor_round_robin,53.0,1,0.625,0.625,0.0
external_candidate,47,neighbor_consensus_top40,58.0,3,0.625,0.625,0.0
external_candidate,48,neighbor_round_robin,53.0,1,0.625,0.625,0.0
external_candidate,48,neighbor_consensus_top40,58.0,3,0.625,0.625,0.0
external_candidate,49,neighbor_round_robin,53.0,1,0.625,0.625,0.0
external_candidate,49,neighbor_consensus_top40,58.0,3,0.625,0.625,0.0
external_candidate,50,neighbor_round_robin,53.0,1,0.625,0.625,0.0
external_candidate,50,neighbor_consensus_top40,58.0,3,0.625,0.625,0.0
external_candidate,51,neighbor_round_robin,53.0,1,0.625,0.625,0.0
external_candidate,51,neighbor_consensus_top40,58.0,3,0.625,0.625,0.0
external_candidate,52,neighbor_round_robin,53.0,1,0.625,0.625,0.0
external_candidate,52,neighbor_consensus_top40,58.0,3,0.625,0.625,0.0
external_candidate,53,neighbor_round_robin,53.0,1,0.625,0.625,0.0
external_candidate,53,neighbor_consensus_top40,58.0,3,0.625,0.625,0.0
external_candidate,54,neighbor_round_robin,53.0,1,0.625,0.625,0.0
external_candidate,54,neighbor_consensus_top40,58.0,3,0.625,0.625,0.0
external_candidate,55,neighbor_round_robin,53.0,1,0.625,0.625,0.0
external_candidate,55,neighbor_consensus_top40,58.0,3,0.625,0.625,0.0
external_candidate,56,neighbor_round_robin,53.0,1,0.625,0.625,0.0
external_candidate,56,neighbor_consensus_top40,58.0,3,0.625,0.625,0.0
external_candidate,57,neighbor_round_robin,53.0,1,0.625,0.625,0.0
external_candidate,57,neighbor_consensus_top40,58.0,3,0.625,0.625,0.0
external_candidate,58,neighbor_round_robin,53.0,1,0.625,0.625,0.0
external_candidate,58,neighbor_consensus_top40,58.0,3,0.625,0.625,0.0
external_candidate,59,neighbor_round_robin,53.0,1,0.625,0.625,0.0
external_candidate,59,neighbor_consensus_top40,58.0,3,0.625,0.625,0.0
external_candidate,60,neighbor_round_robin,53.0,1,0.625,0.625,0.0
external_candidate,60,neighbor_consensus_top40,58.0,3,0.625,0.625,0.0
external_candidate,61,neighbor_round_robin,53.0,1,0.625,0.625,0.0
external_candidate,61,neighbor_consensus_top40,58.0,3,0.625,0.625,0.0
external_candidate,62,neighbor_round_robin,53.0,1,0.625,0.625,0.0
external_candidate,62,neighbor_consensus_top40,58.0,3,0.625,0.625,0.0
external_candidate,63,neighbor_round_robin,53.0,1,0.625,0.625,0.0
external_candidate,63,neighbor_consensus_top40,58.0,3,0.625,0.625,0.0
external_candidate,64,neighbor_round_robin,53.0,1,0.625,0.625,0.0
external_candidate,64,neighbor_consensus_top40,58.0,3,0.625,0.625,0.0
external_candidate,65,neighbor_round_robin,53.0,1,0.625,0.625,0.0
external_candidate,65,neighbor_consensus_top40,58.0,3,0.625,0.625,0.0
external_candidate,66,neighbor_round_robin,53.0,1,0.625,0.625,0.0
external_candidate,66,neighbor_consensus_top40,58.0,3,0.625,0.625,0.0
external_candidate,67,neighbor_round_robin,53.0,1,0.625,0.625,0.0
external_candidate,67,neighbor_consensus_top40,58.0,3,0.625,0.625,0.0
external_candidate,68,neighbor_round_robin,53.0,1,0.625,0.625,0.0
external_candidate,68,neighbor_consensus_top40,58.0,3,0.625,0.625,0.0
external_candidate,69,neighbor_round_robin,53.0,1,0.625,0.625,0.0
external_candidate,69,neighbor_consensus_top40,58.0,3,0.625,0.625,0.0
external_candidate,70,neighbor_round_robin,53.0,1,0.625,0.625,0.0
external_candidate,70,neighbor_consensus_top40,58.0,3,0.625,0.625,0.0
external_candidate,71,neighbor_round_robin,53.0,1,0.625,0.625,0.0
external_candidate,71,neighbor_consensus_top40,58.0,3,0.625,0.625,0.0
external_candidate,72,neighbor_round_robin,53.0,1,0.625,0.625,0.0
external_candidate,72,neighbor_consensus_top40,58.0,3,0.625,0.625,0.0
external_candidate,73,neighbor_round_robin,53.0,1,0.625,0.625,0.0
external_candidate,73,neighbor_consensus_top40,58.0,3,0.625,0.625,0.0
external_candidate,74,neighbor_round_robin,53.0,1,0.625,0.625,0.0
external_candidate,74,neighbor_consensus_top40,58.0,3,0.625,0.625,0.0
external_candidate,75,neighbor_round_robin,53.0,1,0.625,0.625,0.0
external_candidate,75,neighbor_consensus_top40,58.0,3,0.625,0.625,0.0
external_candidate,76,neighbor_round_robin,53.0,1,0.625,0.625,0.0
external_candidate,76,neighbor_consensus_top40,58.0,3,0.625,0.625,0.0
external_candidate,77,neighbor_round_robin,53.0,1,0.625,0.625,0.0
external_candidate,77,neighbor_consensus_top40,58.0,3,0.625,0.625,0.0
external_candidate,78,neighbor_round_robin,53.0,1,0.625,0.625,0.0
external_candidate,78,neighbor_consensus_top40,58.0,3,0.625,0.625,0.0
external_candidate,79,neighbor_round_robin,53.0,1,0.625,0.625,0.0
external_candidate,79,neighbor_consensus_top40,58.0,3,0.625,0.625,0.0
external_candidate,80,neighbor_round_robin,53.0,1,0.625,0.625,0.0
external_candidate,80,neighbor_consensus_top40,58.0,3,0.625,0.625,0.0
external_candidate,81,neighbor_round_robin,53.0,1,0.625,0.625,0.0
external_candidate,81,neighbor_consensus_top40,58.0,3,0.625,0.625,0.0
external_candidate,82,neighbor_round_robin,53.0,1,0.625,0.625,0.0
external_candidate,82,neighbor_consensus_top40,58.0,3,0.625,0.625,0.0
external_candidate,83,neighbor_round_robin,53.0,1,0.625,0.625,0.0
external_candidate,83,neighbor_consensus_top40,58.0,3,0.625,0.625,0.0
external_candidate,84,neighbor_round_robin,53.0,1,0.625,0.625,0.0
external_candidate,84,neighbor_consensus_top40,58.0,3,0.625,0.625,0.0
external_candidate,85,neighbor_round_robin,53.0,1,0.625,0.625,0.0
external_candidate,85,neighbor_consensus_top40,58.0,3,0.625,0.625,0.0
external_candidate,86,neighbor_round_robin,53.0,1,0.625,0.625,0.0
external_candidate,86,neighbor_consensus_top40,58.0,3,0.625,0.625,0.0
external_candidate,87,neighbor_round_robin,53.0,1,0.625,0.625,0.0
external_candidate,87,neighbor_consensus_top40,58.0,3,0.625,0.625,0.0
external_candidate,88,neighbor_round_robin,53.0,1,0.625,0.625,0.0
external_candidate,88,neighbor_consensus_top40,58.0,3,0.625,0.625,0.0
external_candidate,89,neighbor_round_robin,53.0,1,0.625,0.625,0.0
external_candidate,89,neighbor_consensus_top40,58.0,3,0.625,0.625,0.0
external_candidate,90,neighbor_round_robin,53.0,1,0.625,0.625,0.0
external_candidate,90,neighbor_consensus_top40,58.0,3,0.625,0.625,0.0
external_candidate,91,neighbor_round_robin,53.0,1,0.625,0.625,0.0
external_candidate,91,neighbor_consensus_top40,58.0,3,0.625,0.625,0.0
external_candidate,92,neighbor_round_robin,53.0,1,0.625,0.625,0.0
external_candidate,92,neighbor_consensus_top40,58.0,3,0.625,0.625,0.0
external_candidate,93,neighbor_round_robin,53.0,1,0.625,0.625,0.0
external_candidate,93,neighbor_consensus_top40,58.0,3,0.625,0.625,0.0
external_candidate,94,neighbor_round_robin,53.0,1,0.625,0.625,0.0
external_candidate,94,neighbor_consensus_top40,58.0,3,0.625,0.625,0.0
external_candidate,95,neighbor_round_robin,53.0,1,0.625,0.625,0.0
external_candidate,95,neighbor_consensus_top40,58.0,3,0.625,0.625,0.0
external_candidate,96,neighbor_round_robin,53.0,1,0.625,0.625,0.0
external_candidate,96,neighbor_consensus_top40,58.0,3,0.625,0.625,0.0
external_candidate,97,neighbor_round_robin,53.0,1,0.625,0.625,0.0
external_candidate,97,neighbor_consensus_top40,58.0,3,0.625,0.625,0.0
external_candidate,98,neighbor_round_robin,53.0,1,0.625,0.625,0.0
external_candidate,98,neighbor_consensus_top40,58.0,3,0.625,0.625,0.0
external_candidate,99,neighbor_round_robin,53.0,1,0.625,0.625,0.0
external_candidate,99,neighbor_consensus_top40,58.0,3,0.625,0.625,0.0
hard_ood_40pct,0,neighbor_round_robin,41.0,2,1.0,1.0,0.0
hard_ood_40pct,0,neighbor_consensus_top40,52.0,1,1.0,1.0,0.0
hard_ood_40pct,1,neighbor_round_robin,41.0,2,1.0,1.0,0.0
hard_ood_40pct,1,neighbor_consensus_top40,52.0,1,1.0,1.0,0.0
hard_ood_40pct,2,neighbor_round_robin,41.0,2,1.0,1.0,0.0
hard_ood_40pct,2,neighbor_consensus_top40,52.0,1,1.0,1.0,0.0
hard_ood_40pct,3,neighbor_round_robin,41.0,2,1.0,1.0,0.0
hard_ood_40pct,3,neighbor_consensus_top40,52.0,1,1.0,1.0,0.0
hard_ood_40pct,4,neighbor_round_robin,41.0,2,1.0,1.0,0.0
hard_ood_40pct,4,neighbor_consensus_top40,52.0,1,1.0,1.0,0.0
hard_ood_40pct,5,neighbor_round_robin,41.0,2,1.0,1.0,0.0
hard_ood_40pct,5,neighbor_consensus_top40,52.0,1,1.0,1.0,0.0
hard_ood_40pct,6,neighbor_round_robin,41.0,2,1.0,1.0,0.0
hard_ood_40pct,6,neighbor_consensus_top40,52.0,1,1.0,1.0,0.0
hard_ood_40pct,7,neighbor_round_robin,41.0,2,1.0,1.0,0.0
hard_ood_40pct,7,neighbor_consensus_top40,52.0,1,1.0,1.0,0.0
hard_ood_40pct,8,neighbor_round_robin,41.0,2,1.0,1.0,0.0
hard_ood_40pct,8,neighbor_consensus_top40,52.0,1,1.0,1.0,0.0
hard_ood_40pct,9,neighbor_round_robin,41.0,2,1.0,1.0,0.0
hard_ood_40pct,9,neighbor_consensus_top40,52.0,1,1.0,1.0,0.0
hard_ood_40pct,10,neighbor_round_robin,41.0,2,1.0,1.0,0.0
hard_ood_40pct,10,neighbor_consensus_top40,52.0,1,1.0,1.0,0.0
hard_ood_40pct,11,neighbor_round_robin,41.0,2,1.0,1.0,0.0
hard_ood_40pct,11,neighbor_consensus_top40,52.0,1,1.0,1.0,0.0
hard_ood_40pct,12,neighbor_round_robin,41.0,2,1.0,1.0,0.0
hard_ood_40pct,12,neighbor_consensus_top40,52.0,1,1.0,1.0,0.0
hard_ood_40pct,13,neighbor_round_robin,41.0,2,1.0,1.0,0.0
hard_ood_40pct,13,neighbor_consensus_top40,52.0,1,1.0,1.0,0.0
hard_ood_40pct,14,neighbor_round_robin,41.0,2,1.0,1.0,0.0
hard_ood_40pct,14,neighbor_consensus_top40,52.0,1,1.0,1.0,0.0
hard_ood_40pct,15,neighbor_round_robin,41.0,2,1.0,1.0,0.0
hard_ood_40pct,15,neighbor_consensus_top40,52.0,1,1.0,1.0,0.0
hard_ood_40pct,16,neighbor_round_robin,41.0,2,1.0,1.0,0.0
hard_ood_40pct,16,neighbor_consensus_top40,52.0,1,1.0,1.0,0.0
hard_ood_40pct,17,neighbor_round_robin,41.0,2,1.0,1.0,0.0
hard_ood_40pct,17,neighbor_consensus_top40,52.0,1,1.0,1.0,0.0
hard_ood_40pct,18,neighbor_round_robin,41.0,2,1.0,1.0,0.0
hard_ood_40pct,18,neighbor_consensus_top40,52.0,1,1.0,1.0,0.0
hard_ood_40pct,19,neighbor_round_robin,41.0,2,1.0,1.0,0.0
hard_ood_40pct,19,neighbor_consensus_top40,52.0,1,1.0,1.0,0.0
hard_ood_40pct,20,neighbor_round_robin,41.0,2,1.0,1.0,0.0
hard_ood_40pct,20,neighbor_consensus_top40,52.0,1,1.0,1.0,0.0
hard_ood_40pct,21,neighbor_round_robin,41.0,2,1.0,1.0,0.0
hard_ood_40pct,21,neighbor_consensus_top40,52.0,1,1.0,1.0,0.0
hard_ood_40pct,22,neighbor_round_robin,41.0,2,1.0,1.0,0.0
hard_ood_40pct,22,neighbor_consensus_top40,52.0,1,1.0,1.0,0.0
hard_ood_40pct,23,neighbor_round_robin,41.0,2,1.0,1.0,0.0
hard_ood_40pct,23,neighbor_consensus_top40,52.0,1,1.0,1.0,0.0
hard_ood_40pct,24,neighbor_round_robin,41.0,2,1.0,1.0,0.0
hard_ood_40pct,24,neighbor_consensus_top40,52.0,1,1.0,1.0,0.0
hard_ood_40pct,25,neighbor_round_robin,41.0,2,1.0,1.0,0.0
hard_ood_40pct,25,neighbor_consensus_top40,52.0,1,1.0,1.0,0.0
hard_ood_40pct,26,neighbor_round_robin,41.0,2,1.0,1.0,0.0
hard_ood_40pct,26,neighbor_consensus_top40,52.0,1,1.0,1.0,0.0
hard_ood_40pct,27,neighbor_round_robin,41.0,2,1.0,1.0,0.0
hard_ood_40pct,27,neighbor_consensus_top40,52.0,1,1.0,1.0,0.0
hard_ood_40pct,28,neighbor_round_robin,41.0,2,1.0,1.0,0.0
hard_ood_40pct,28,neighbor_consensus_top40,52.0,1,1.0,1.0,0.0
hard_ood_40pct,29,neighbor_round_robin,41.0,2,1.0,1.0,0.0
hard_ood_40pct,29,neighbor_consensus_top40,52.0,1,1.0,1.0,0.0
hard_ood_40pct,30,neighbor_round_robin,41.0,2,1.0,1.0,0.0
hard_ood_40pct,30,neighbor_consensus_top40,52.0,1,1.0,1.0,0.0
hard_ood_40pct,31,neighbor_round_robin,41.0,2,1.0,1.0,0.0
hard_ood_40pct,31,neighbor_consensus_top40,52.0,1,1.0,1.0,0.0
hard_ood_40pct,32,neighbor_round_robin,41.0,2,1.0,1.0,0.0
hard_ood_40pct,32,neighbor_consensus_top40,52.0,1,1.0,1.0,0.0
hard_ood_40pct,33,neighbor_round_robin,41.0,2,1.0,1.0,0.0
hard_ood_40pct,33,neighbor_consensus_top40,52.0,1,1.0,1.0,0.0
hard_ood_40pct,34,neighbor_round_robin,41.0,2,1.0,1.0,0.0
hard_ood_40pct,34,neighbor_consensus_top40,52.0,1,1.0,1.0,0.0
hard_ood_40pct,35,neighbor_round_robin,41.0,2,1.0,1.0,0.0
hard_ood_40pct,35,neighbor_consensus_top40,52.0,1,1.0,1.0,0.0
hard_ood_40pct,36,neighbor_round_robin,41.0,2,1.0,1.0,0.0
hard_ood_40pct,36,neighbor_consensus_top40,52.0,1,1.0,1.0,0.0
hard_ood_40pct,37,neighbor_round_robin,41.0,2,1.0,1.0,0.0
hard_ood_40pct,37,neighbor_consensus_top40,52.0,1,1.0,1.0,0.0
hard_ood_40pct,38,neighbor_round_robin,41.0,2,1.0,1.0,0.0
hard_ood_40pct,38,neighbor_consensus_top40,52.0,1,1.0,1.0,0.0
hard_ood_40pct,39,neighbor_round_robin,41.0,2,1.0,1.0,0.0
hard_ood_40pct,39,neighbor_consensus_top40,52.0,1,1.0,1.0,0.0
hard_ood_40pct,40,neighbor_round_robin,41.0,2,1.0,1.0,0.0
hard_ood_40pct,40,neighbor_consensus_top40,52.0,1,1.0,1.0,0.0
hard_ood_40pct,41,neighbor_round_robin,41.0,2,1.0,1.0,0.0
hard_ood_40pct,41,neighbor_consensus_top40,52.0,1,1.0,1.0,0.0
hard_ood_40pct,42,neighbor_round_robin,41.0,2,1.0,1.0,0.0
hard_ood_40pct,42,neighbor_consensus_top40,52.0,1,1.0,1.0,0.0
hard_ood_40pct,43,neighbor_round_robin,41.0,2,1.0,1.0,0.0
hard_ood_40pct,43,neighbor_consensus_top40,52.0,1,1.0,1.0,0.0
hard_ood_40pct,44,neighbor_round_robin,41.0,2,1.0,1.0,0.0
hard_ood_40pct,44,neighbor_consensus_top40,52.0,1,1.0,1.0,0.0
hard_ood_40pct,45,neighbor_round_robin,41.0,2,1.0,1.0,0.0
hard_ood_40pct,45,neighbor_consensus_top40,52.0,1,1.0,1.0,0.0
hard_ood_40pct,46,neighbor_round_robin,41.0,2,1.0,1.0,0.0
hard_ood_40pct,46,neighbor_consensus_top40,52.0,1,1.0,1.0,0.0
hard_ood_40pct,47,neighbor_round_robin,41.0,2,1.0,1.0,0.0
hard_ood_40pct,47,neighbor_consensus_top40,52.0,1,1.0,1.0,0.0
hard_ood_40pct,48,neighbor_round_robin,41.0,2,1.0,1.0,0.0
hard_ood_40pct,48,neighbor_consensus_top40,52.0,1,1.0,1.0,0.0
hard_ood_40pct,49,neighbor_round_robin,41.0,2,1.0,1.0,0.0
hard_ood_40pct,49,neighbor_consensus_top40,52.0,1,1.0,1.0,0.0
hard_ood_40pct,50,neighbor_round_robin,41.0,2,1.0,1.0,0.0
hard_ood_40pct,50,neighbor_consensus_top40,52.0,1,1.0,1.0,0.0
hard_ood_40pct,51,neighbor_round_robin,41.0,2,1.0,1.0,0.0
hard_ood_40pct,51,neighbor_consensus_top40,52.0,1,1.0,1.0,0.0
hard_ood_40pct,52,neighbor_round_robin,41.0,2,1.0,1.0,0.0
hard_ood_40pct,52,neighbor_consensus_top40,52.0,1,1.0,1.0,0.0
hard_ood_40pct,53,neighbor_round_robin,41.0,2,1.0,1.0,0.0
hard_ood_40pct,53,neighbor_consensus_top40,52.0,1,1.0,1.0,0.0
hard_ood_40pct,54,neighbor_round_robin,41.0,2,1.0,1.0,0.0
hard_ood_40pct,54,neighbor_consensus_top40,52.0,1,1.0,1.0,0.0
hard_ood_40pct,55,neighbor_round_robin,41.0,2,1.0,1.0,0.0
hard_ood_40pct,55,neighbor_consensus_top40,52.0,1,1.0,1.0,0.0
hard_ood_40pct,56,neighbor_round_robin,41.0,2,1.0,1.0,0.0
hard_ood_40pct,56,neighbor_consensus_top40,52.0,1,1.0,1.0,0.0
hard_ood_40pct,57,neighbor_round_robin,41.0,2,1.0,1.0,0.0
hard_ood_40pct,57,neighbor_consensus_top40,52.0,1,1.0,1.0,0.0
hard_ood_40pct,58,neighbor_round_robin,41.0,2,1.0,1.0,0.0
hard_ood_40pct,58,neighbor_consensus_top40,52.0,1,1.0,1.0,0.0
hard_ood_40pct,59,neighbor_round_robin,41.0,2,1.0,1.0,0.0
hard_ood_40pct,59,neighbor_consensus_top40,52.0,1,1.0,1.0,0.0
hard_ood_40pct,60,neighbor_round_robin,41.0,2,1.0,1.0,0.0
hard_ood_40pct,60,neighbor_consensus_top40,52.0,1,1.0,1.0,0.0
hard_ood_40pct,61,neighbor_round_robin,41.0,2,1.0,1.0,0.0
hard_ood_40pct,61,neighbor_consensus_top40,52.0,1,1.0,1.0,0.0
hard_ood_40pct,62,neighbor_round_robin,41.0,2,1.0,1.0,0.0
hard_ood_40pct,62,neighbor_consensus_top40,52.0,1,1.0,1.0,0.0
hard_ood_40pct,63,neighbor_round_robin,41.0,2,1.0,1.0,0.0
hard_ood_40pct,63,neighbor_consensus_top40,52.0,1,1.0,1.0,0.0
hard_ood_40pct,64,neighbor_round_robin,41.0,2,1.0,1.0,0.0
hard_ood_40pct,64,neighbor_consensus_top40,52.0,1,1.0,1.0,0.0
hard_ood_40pct,65,neighbor_round_robin,41.0,2,1.0,1.0,0.0
hard_ood_40pct,65,neighbor_consensus_top40,52.0,1,1.0,1.0,0.0
hard_ood_40pct,66,neighbor_round_robin,41.0,2,1.0,1.0,0.0
hard_ood_40pct,66,neighbor_consensus_top40,52.0,1,1.0,1.0,0.0
hard_ood_40pct,67,neighbor_round_robin,41.0,2,1.0,1.0,0.0
hard_ood_40pct,67,neighbor_consensus_top40,52.0,1,1.0,1.0,0.0
hard_ood_40pct,68,neighbor_round_robin,41.0,2,1.0,1.0,0.0
hard_ood_40pct,68,neighbor_consensus_top40,52.0,1,1.0,1.0,0.0
hard_ood_40pct,69,neighbor_round_robin,41.0,2,1.0,1.0,0.0
hard_ood_40pct,69,neighbor_consensus_top40,52.0,1,1.0,1.0,0.0
hard_ood_40pct,70,neighbor_round_robin,41.0,2,1.0,1.0,0.0
hard_ood_40pct,70,neighbor_consensus_top40,52.0,1,1.0,1.0,0.0
hard_ood_40pct,71,neighbor_round_robin,41.0,2,1.0,1.0,0.0
hard_ood_40pct,71,neighbor_consensus_top40,52.0,1,1.0,1.0,0.0
hard_ood_40pct,72,neighbor_round_robin,41.0,2,1.0,1.0,0.0
hard_ood_40pct,72,neighbor_consensus_top40,52.0,1,1.0,1.0,0.0
hard_ood_40pct,73,neighbor_round_robin,41.0,2,1.0,1.0,0.0
hard_ood_40pct,73,neighbor_consensus_top40,52.0,1,1.0,1.0,0.0
hard_ood_40pct,74,neighbor_round_robin,41.0,2,1.0,1.0,0.0
hard_ood_40pct,74,neighbor_consensus_top40,52.0,1,1.0,1.0,0.0
hard_ood_40pct,75,neighbor_round_robin,41.0,2,1.0,1.0,0.0
hard_ood_40pct,75,neighbor_consensus_top40,52.0,1,1.0,1.0,0.0
hard_ood_40pct,76,neighbor_round_robin,41.0,2,1.0,1.0,0.0
hard_ood_40pct,76,neighbor_consensus_top40,52.0,1,1.0,1.0,0.0
hard_ood_40pct,77,neighbor_round_robin,41.0,2,1.0,1.0,0.0
hard_ood_40pct,77,neighbor_consensus_top40,52.0,1,1.0,1.0,0.0
hard_ood_40pct,78,neighbor_round_robin,41.0,2,1.0,1.0,0.0
hard_ood_40pct,78,neighbor_consensus_top40,52.0,1,1.0,1.0,0.0
hard_ood_40pct,79,neighbor_round_robin,41.0,2,1.0,1.0,0.0
hard_ood_40pct,79,neighbor_consensus_top40,52.0,1,1.0,1.0,0.0
hard_ood_40pct,80,neighbor_round_robin,41.0,2,1.0,1.0,0.0
hard_ood_40pct,80,neighbor_consensus_top40,52.0,1,1.0,1.0,0.0
hard_ood_40pct,81,neighbor_round_robin,41.0,2,1.0,1.0,0.0
hard_ood_40pct,81,neighbor_consensus_top40,52.0,1,1.0,1.0,0.0
hard_ood_40pct,82,neighbor_round_robin,41.0,2,1.0,1.0,0.0
hard_ood_40pct,82,neighbor_consensus_top40,52.0,1,1.0,1.0,0.0
hard_ood_40pct,83,neighbor_round_robin,41.0,2,1.0,1.0,0.0
hard_ood_40pct,83,neighbor_consensus_top40,52.0,1,1.0,1.0,0.0
hard_ood_40pct,84,neighbor_round_robin,41.0,2,1.0,1.0,0.0
hard_ood_40pct,84,neighbor_consensus_top40,52.0,1,1.0,1.0,0.0
hard_ood_40pct,85,neighbor_round_robin,41.0,2,1.0,1.0,0.0
hard_ood_40pct,85,neighbor_consensus_top40,52.0,1,1.0,1.0,0.0
hard_ood_40pct,86,neighbor_round_robin,41.0,2,1.0,1.0,0.0
hard_ood_40pct,86,neighbor_consensus_top40,52.0,1,1.0,1.0,0.0
hard_ood_40pct,87,neighbor_round_robin,41.0,2,1.0,1.0,0.0
hard_ood_40pct,87,neighbor_consensus_top40,52.0,1,1.0,1.0,0.0
hard_ood_40pct,88,neighbor_round_robin,41.0,2,1.0,1.0,0.0
hard_ood_40pct,88,neighbor_consensus_top40,52.0,1,1.0,1.0,0.0
hard_ood_40pct,89,neighbor_round_robin,41.0,2,1.0,1.0,0.0
hard_ood_40pct,89,neighbor_consensus_top40,52.0,1,1.0,1.0,0.0
hard_ood_40pct,90,neighbor_round_robin,41.0,2,1.0,1.0,0.0
hard_ood_40pct,90,neighbor_consensus_top40,52.0,1,1.0,1.0,0.0
hard_ood_40pct,91,neighbor_round_robin,41.0,2,1.0,1.0,0.0
hard_ood_40pct,91,neighbor_consensus_top40,52.0,1,1.0,1.0,0.0
hard_ood_40pct,92,neighbor_round_robin,41.0,2,1.0,1.0,0.0
hard_ood_40pct,92,neighbor_consensus_top40,52.0,1,1.0,1.0,0.0
hard_ood_40pct,93,neighbor_round_robin,41.0,2,1.0,1.0,0.0
hard_ood_40pct,93,neighbor_consensus_top40,52.0,1,1.0,1.0,0.0
hard_ood_40pct,94,neighbor_round_robin,41.0,2,1.0,1.0,0.0
hard_ood_40pct,94,neighbor_consensus_top40,52.0,1,1.0,1.0,0.0
hard_ood_40pct,95,neighbor_round_robin,41.0,2,1.0,1.0,0.0
hard_ood_40pct,95,neighbor_consensus_top40,52.0,1,1.0,1.0,0.0
hard_ood_40pct,96,neighbor_round_robin,41.0,2,1.0,1.0,0.0
hard_ood_40pct,96,neighbor_consensus_top40,52.0,1,1.0,1.0,0.0
hard_ood_40pct,97,neighbor_round_robin,41.0,2,1.0,1.0,0.0
hard_ood_40pct,97,neighbor_consensus_top40,52.0,1,1.0,1.0,0.0
hard_ood_40pct,98,neighbor_round_robin,41.0,2,1.0,1.0,0.0
hard_ood_40pct,98,neighbor_consensus_top40,52.0,1,1.0,1.0,0.0
hard_ood_40pct,99,neighbor_round_robin,41.0,2,1.0,1.0,0.0
hard_ood_40pct,99,neighbor_consensus_top40,52.0,1,1.0,1.0,0.0
