target,method,learner,repeat,scope,entities,coverage_fraction,relative_rmse_gain,augmented_r2
electrolyte_conductivity,caltech_scalar_hard_coverage_gate,ridge_alpha_10,0,q1,33,1.0,0.2428894393657268,-25.459447613732884
electrolyte_conductivity,caltech_scalar_hard_coverage_gate,ridge_alpha_10,0,q4,25,0.32,-0.1608808097870153,-1.489242506190109
electrolyte_conductivity,caltech_scalar_hard_coverage_gate,ridge_alpha_10,0,q4_covered,8,1.0,-0.2713969663440122,-11.433264301734834
electrolyte_conductivity,caltech_features_hard_coverage_gate,ridge_alpha_10,0,q1,33,1.0,0.5537451357008994,-8.192382587066097
electrolyte_conductivity,caltech_features_hard_coverage_gate,ridge_alpha_10,0,q4,25,0.32,-0.2251917921112337,-1.7726822465843979
electrolyte_conductivity,caltech_features_hard_coverage_gate,ridge_alpha_10,0,q4_covered,8,1.0,-0.3742460730955071,-13.526193782337199
electrolyte_conductivity,shuffled_caltech_hard_coverage_gate,ridge_alpha_10,0,q1,33,1.0,-0.02363673186874066,-47.367527630133466
electrolyte_conductivity,shuffled_caltech_hard_coverage_gate,ridge_alpha_10,0,q4,25,0.32,-0.01087884892045661,-0.8875139222988129
electrolyte_conductivity,shuffled_caltech_hard_coverage_gate,ridge_alpha_10,0,q4_covered,8,1.0,-0.019211006579777586,-6.990078279918325
electrolyte_conductivity,caltech_scalar_hard_coverage_gate,random_forest,0,q1,33,1.0,0.39976119363848495,-3.431777062427787
electrolyte_conductivity,caltech_scalar_hard_coverage_gate,random_forest,0,q4,25,0.32,0.0029541298475388757,-0.9906140998006863
electrolyte_conductivity,caltech_scalar_hard_coverage_gate,random_forest,0,q4_covered,8,1.0,0.02725257857803411,-0.5352862640290661
electrolyte_conductivity,caltech_features_hard_coverage_gate,random_forest,0,q1,33,1.0,0.4287550975910292,-3.013972945455465
electrolyte_conductivity,caltech_features_hard_coverage_gate,random_forest,0,q4,25,0.32,0.013068650379929748,-0.9504314308321271
electrolyte_conductivity,caltech_features_hard_coverage_gate,random_forest,0,q4_covered,8,1.0,0.12629116237590354,-0.23857595665793108
electrolyte_conductivity,shuffled_caltech_hard_coverage_gate,random_forest,0,q1,33,1.0,-0.0851754208728783,-13.485372329435213
electrolyte_conductivity,shuffled_caltech_hard_coverage_gate,random_forest,0,q4,25,0.32,-0.02017877237512371,-1.0840558974945118
electrolyte_conductivity,shuffled_caltech_hard_coverage_gate,random_forest,0,q4_covered,8,1.0,-0.17110590589816746,-1.2252639391491411
electrolyte_conductivity,caltech_scalar_hard_coverage_gate,extra_trees,0,q1,33,1.0,0.31692827190345946,-3.6882988425826406
electrolyte_conductivity,caltech_scalar_hard_coverage_gate,extra_trees,0,q4,25,0.32,0.027707343760726852,-0.014020471607121943
electrolyte_conductivity,caltech_scalar_hard_coverage_gate,extra_trees,0,q4_covered,8,1.0,0.1430967772594393,-0.19607178534744363
electrolyte_conductivity,caltech_features_hard_coverage_gate,extra_trees,0,q1,33,1.0,0.3261033655576015,-3.5631972339997695
electrolyte_conductivity,caltech_features_hard_coverage_gate,extra_trees,0,q4,25,0.32,0.016133795459719977,-0.03830464703135639
electrolyte_conductivity,caltech_features_hard_coverage_gate,extra_trees,0,q4_covered,8,1.0,0.08110557687254255,-0.37538703093296877
electrolyte_conductivity,shuffled_caltech_hard_coverage_gate,extra_trees,0,q1,33,1.0,0.1360416858671456,-6.500120524014162
electrolyte_conductivity,shuffled_caltech_hard_coverage_gate,extra_trees,0,q4,25,0.32,-0.011332018162184694,-0.09708487008714406
electrolyte_conductivity,shuffled_caltech_hard_coverage_gate,extra_trees,0,q4_covered,8,1.0,-0.05395757613690021,-0.8094223625301025
electrolyte_conductivity,caltech_scalar_hard_coverage_gate,ridge_alpha_10,1,q1,33,1.0,0.09522912730478655,-36.75378707340605
electrolyte_conductivity,caltech_scalar_hard_coverage_gate,ridge_alpha_10,1,q4,25,0.32,0.11703232560461226,-17.958623224966356
electrolyte_conductivity,caltech_scalar_hard_coverage_gate,ridge_alpha_10,1,q4_covered,8,1.0,0.12668774750684517,-126.16103644929657
electrolyte_conductivity,caltech_features_hard_coverage_gate,ridge_alpha_10,1,q1,33,1.0,0.10989874704665202,-35.5394600221228
electrolyte_conductivity,caltech_features_hard_coverage_gate,ridge_alpha_10,1,q4,25,0.32,0.19584743873280028,-14.725124270335257
electrolyte_conductivity,caltech_features_hard_coverage_gate,ridge_alpha_10,1,q4_covered,8,1.0,0.2129349125430176,-102.28476109627023
electrolyte_conductivity,shuffled_caltech_hard_coverage_gate,ridge_alpha_10,1,q1,33,1.0,-0.005627797676245564,-45.639924600998555
electrolyte_conductivity,shuffled_caltech_hard_coverage_gate,ridge_alpha_10,1,q4,25,0.32,0.009725893808535824,-22.84668602095864
electrolyte_conductivity,shuffled_caltech_hard_coverage_gate,ridge_alpha_10,1,q4_covered,8,1.0,0.010478275648312217,-162.25467213544465
electrolyte_conductivity,caltech_scalar_hard_coverage_gate,random_forest,1,q1,33,1.0,0.1479201409773517,-20.302811051057837
electrolyte_conductivity,caltech_scalar_hard_coverage_gate,random_forest,1,q4,25,0.32,-0.030753457038872844,-0.3436074851174462
electrolyte_conductivity,caltech_scalar_hard_coverage_gate,random_forest,1,q4_covered,8,1.0,-0.11388560592410382,-2.0056518736647595
electrolyte_conductivity,caltech_features_hard_coverage_gate,random_forest,1,q1,33,1.0,0.22012090414777016,-16.84558851332459
electrolyte_conductivity,caltech_features_hard_coverage_gate,random_forest,1,q4,25,0.32,-0.0003391529857446629,-0.26548601205150435
electrolyte_conductivity,caltech_features_hard_coverage_gate,random_forest,1,q4_covered,8,1.0,-0.0013067268045217186,-1.428800039760501
electrolyte_conductivity,shuffled_caltech_hard_coverage_gate,random_forest,1,q1,33,1.0,-0.028730704579350508,-30.051295239195753
electrolyte_conductivity,shuffled_caltech_hard_coverage_gate,random_forest,1,q4,25,0.32,-0.016885724273460124,-0.3076969638134359
electrolyte_conductivity,shuffled_caltech_hard_coverage_gate,random_forest,1,q4_covered,8,1.0,-0.06361669845000378,-1.7404872619684246
electrolyte_conductivity,caltech_scalar_hard_coverage_gate,extra_trees,1,q1,33,1.0,0.11266256107880601,-36.49950947986861
electrolyte_conductivity,caltech_scalar_hard_coverage_gate,extra_trees,1,q4,25,0.32,-0.0007873733829020667,0.0322232709564515
electrolyte_conductivity,caltech_scalar_hard_coverage_gate,extra_trees,1,q4_covered,8,1.0,-0.008153367936181785,0.3022716765473308
electrolyte_conductivity,caltech_features_hard_coverage_gate,extra_trees,1,q1,33,1.0,0.158466170500523,-32.728042281859864
electrolyte_conductivity,caltech_features_hard_coverage_gate,extra_trees,1,q4,25,0.32,-0.021084370260652765,-0.007429809208930216
electrolyte_conductivity,caltech_features_hard_coverage_gate,extra_trees,1,q4_covered,8,1.0,-0.20120418071520807,0.009471872400710901
electrolyte_conductivity,shuffled_caltech_hard_coverage_gate,extra_trees,1,q1,33,1.0,-0.02081249501148151,-48.62950341902037
electrolyte_conductivity,shuffled_caltech_hard_coverage_gate,extra_trees,1,q4,25,0.32,-0.008911972665163161,0.016446265289954742
electrolyte_conductivity,shuffled_caltech_hard_coverage_gate,extra_trees,1,q4_covered,8,1.0,-0.08907050351755204,0.1857736857253386
electrolyte_conductivity,caltech_scalar_hard_coverage_gate,ridge_alpha_10,2,q1,33,1.0,0.10552715546156723,-4.4519389547534445
electrolyte_conductivity,caltech_scalar_hard_coverage_gate,ridge_alpha_10,2,q4,25,0.32,-0.05389875946127595,-7.563677196691886
electrolyte_conductivity,caltech_scalar_hard_coverage_gate,ridge_alpha_10,2,q4_covered,8,1.0,-0.060157172276812,-56.15666771579526
electrolyte_conductivity,caltech_features_hard_coverage_gate,ridge_alpha_10,2,q1,33,1.0,0.13694443895077554,-4.075679304380318
electrolyte_conductivity,caltech_features_hard_coverage_gate,ridge_alpha_10,2,q4,25,0.32,-0.04962240238748596,-7.494321306757627
electrolyte_conductivity,caltech_features_hard_coverage_gate,ridge_alpha_10,2,q4_covered,8,1.0,-0.05539695614819342,-55.64454127052368
electrolyte_conductivity,shuffled_caltech_hard_coverage_gate,ridge_alpha_10,2,q1,33,1.0,-0.00010828106243708778,-5.815703832802003
electrolyte_conductivity,shuffled_caltech_hard_coverage_gate,ridge_alpha_10,2,q4,25,0.32,0.057086613813489166,-5.854978616889515
electrolyte_conductivity,shuffled_caltech_hard_coverage_gate,ridge_alpha_10,2,q4_covered,8,1.0,0.06414225884950475,-43.539574480538285
electrolyte_conductivity,caltech_scalar_hard_coverage_gate,random_forest,2,q1,33,1.0,0.25912230064060227,-4.211637215606744
electrolyte_conductivity,caltech_scalar_hard_coverage_gate,random_forest,2,q4,25,0.32,0.00948783384064987,0.21261891629923624
electrolyte_conductivity,caltech_scalar_hard_coverage_gate,random_forest,2,q4_covered,8,1.0,0.09045106106591591,0.4639580317647759
electrolyte_conductivity,caltech_features_hard_coverage_gate,random_forest,2,q1,33,1.0,0.2730949017770375,-4.01691289970861
electrolyte_conductivity,caltech_features_hard_coverage_gate,random_forest,2,q4,25,0.32,0.00864142843824217,0.21127268680686362
electrolyte_conductivity,caltech_features_hard_coverage_gate,random_forest,2,q4_covered,8,1.0,0.08205625519755975,0.4540174236188501
electrolyte_conductivity,shuffled_caltech_hard_coverage_gate,random_forest,2,q1,33,1.0,-0.03521598509863006,-9.175202719810294
electrolyte_conductivity,shuffled_caltech_hard_coverage_gate,random_forest,2,q4,25,0.32,-0.011245985911786575,0.17931032443655948
electrolyte_conductivity,shuffled_caltech_hard_coverage_gate,random_forest,2,q4_covered,8,1.0,-0.09857153074061474,0.21800616287803454
electrolyte_conductivity,caltech_scalar_hard_coverage_gate,extra_trees,2,q1,33,1.0,0.03752620432425506,-4.470867786526603
electrolyte_conductivity,caltech_scalar_hard_coverage_gate,extra_trees,2,q4,25,0.32,0.022370442794007264,0.28605450300779345
electrolyte_conductivity,caltech_scalar_hard_coverage_gate,extra_trees,2,q4_covered,8,1.0,0.14354874200466394,0.32833587560441535
electrolyte_conductivity,caltech_features_hard_coverage_gate,extra_trees,2,q1,33,1.0,0.054871317455189826,-4.275459306913218
electrolyte_conductivity,caltech_features_hard_coverage_gate,extra_trees,2,q4,25,0.32,0.032524939200179175,0.3008087743841922
electrolyte_conductivity,caltech_features_hard_coverage_gate,extra_trees,2,q4_covered,8,1.0,0.21607954765039336,0.4372819587666291
electrolyte_conductivity,shuffled_caltech_hard_coverage_gate,extra_trees,2,q1,33,1.0,-0.164920062543479,-7.014393103616959
electrolyte_conductivity,shuffled_caltech_hard_coverage_gate,extra_trees,2,q4,25,0.32,-0.028205391194268375,0.21027449289304978
electrolyte_conductivity,shuffled_caltech_hard_coverage_gate,extra_trees,2,q4_covered,8,1.0,-0.15956621823910255,-0.23122650964496083
