cell_id,batch,life,censored,theta_log10_a,theta_beta,own_theta_log10_a,own_theta_beta,own_log10_life,log10_var_delta_qv,log10_abs_min_delta_qv,capacity_slope_2_100,capacity_intercept_2_100,qd100_over_qref,ce_mean_10_100,ce_std_10_100,mean_charge_c_rate,mean_discharge_c_rate
b1c0,batch1,1852.0,False,-6.040823191466156,1.5679245866717957,-3.2896077250835423,-0.1041472860587595,5.0,-0.8200723810918441,0.022302519397856116,1.323006555349162e-05,1.0754209979699028,0.9991951393325637,1.0001836781059512,0.0009265451801142879,3.6000000000000005,4.0
b1c1,batch1,2160.0,False,-6.08348848414813,1.5470867161816897,-5.593676678480378,1.2576156927906388,3.8920527965765483,-0.7676017071282027,0.026546014786845713,2.9523537414909218e-06,1.0811210966258502,0.9987163806611088,1.0001388368026567,0.0008721798655907725,3.6000000000000005,4.0
b1c2,batch1,2237.0,False,-6.15181990605789,1.5623741749671087,-4.274993272468761,0.434996551884968,5.0,-0.759839406992228,0.015622450041813986,7.809261595542179e-06,1.0849968983656975,0.9990795991564542,1.0002096085709593,0.0010528898597924926,3.6000000000000005,4.0
b1c3,batch1,1434.0,False,-6.230213200305913,1.6523274318481527,-3.023487828409413,-0.22133976265802213,5.0,-0.7442312350739825,0.025371662991405815,1.2058388373530498e-05,1.0844152797687072,0.999041823488284,1.0003664512277766,5.4188540970004554e-05,4.0,4.0
b1c4,batch1,1709.0,False,-6.209388113428625,1.6202464107635717,-2.8984217727059454,-0.33723880442909304,5.0,-1.0006993959350143,0.02163615671415256,1.4311751391457705e-05,1.0821905370426717,0.9991355133372932,1.0001371827640495,6.788030974750124e-05,4.0,4.0
b1c5,batch1,1074.0,False,-6.230668539035332,1.6959562738210532,-3.303604949005226,-0.03454363352408785,5.0,-0.7995164942812645,0.021297262852209328,6.146750773035635e-06,1.0800908955085544,0.9988145014365671,1.000155329233121,0.00043411373732309296,4.4,4.0
b1c6,batch1,636.0,False,-6.285262851596818,1.8668764674270273,-4.307365606989846,0.6693465360612063,5.0,-1.016889960629003,0.022029023021564537,-1.021775510204475e-05,1.0814925903586885,0.9973108432006909,1.0004494372510533,0.0007706268587060214,4.8,4.0
b1c7,batch1,870.0,False,-6.2650950211389835,1.7781763723795467,-4.26077167161518,0.622976108953428,5.0,-0.8254718871064839,0.035256776109809276,-1.1260525664811332e-05,1.0975701161018339,0.9980865512433911,1.0002318486100703,0.0009637553381798513,4.8,4.0
b1c8,batch1,879.0,False,-6.429609458551553,1.7770792686127104,-4.031169822970314,0.3439379350394911,5.0,-0.8103874883435966,0.01920510653642961,2.0668806431656947e-06,1.0947083456528546,0.9988423449247947,1.0002957152461345,5.433308433537157e-05,4.8,4.0
b1c9,batch1,1054.0,False,-6.744819412234183,1.8788419346771483,-2.7389160269430306,-0.521094372946541,5.0,-0.7800686942126757,0.02600865974357117,1.5252735930737063e-05,1.0869687973362188,0.9995427011949319,1.0002553966320331,5.7535909573709995e-05,4.8,4.0
b1c10,batch1,906.0,False,-6.360278569601278,1.7354244014006235,-2.881979327051887,-0.3329025181658133,5.0,-0.871239460139862,0.013851434023849177,2.1554883116883573e-05,1.0806606060115433,0.9990900481043193,1.0006991982361337,0.0004943303969070274,4.714285714285715,4.0
b1c11,batch1,788.0,False,-6.539239924086209,1.8548950240623756,-2.9279535182042613,-0.2592274274521786,5.0,-0.883103522705732,0.013588360283551468,1.8141972789115552e-05,1.059213580599876,0.9991343614664443,1.0005530299441951,0.00048775093327487607,4.714285714285715,4.0
b1c12,batch1,902.0,False,-6.540478689850073,1.8112115455944549,-3.1569149949691284,-0.15764107530030763,5.0,-0.7841641505441602,0.02528356592957632,9.54763265306268e-06,1.0817089636639863,0.9992044361688401,1.0003453540065175,3.678800011471583e-05,4.885714285714286,4.0
b1c13,batch1,897.0,False,-6.504818432890817,1.8035505483492436,-4.110507436777246,0.40823413639006184,5.0,-0.7550284016241666,0.025747515437997744,1.259766233764754e-06,1.0842456600028856,0.9988664792367608,1.000196749446177,4.434386917244215e-05,4.885714285714286,4.0
b1c14,batch1,880.0,False,-6.722174812763921,1.9059535517832051,-1.9602863229597993,-0.9702573889969641,5.0,-0.8166985955711337,0.01960726868156233,2.1304357452070155e-05,1.0751031131234794,0.9995317088031223,1.0006889325069201,0.0004327306178898793,4.8,4.0
b1c15,batch1,719.0,False,-6.502287998663034,1.8482695216652507,-2.0957044147369555,-0.7782244110355788,5.0,-0.8104123263218161,0.018047730668383912,2.3065202226345313e-05,1.0665856039793853,0.9992704414900627,1.0006382211539837,0.0004605167363776366,4.8,4.0
b1c16,batch1,862.0,False,-6.5311881683629975,1.829074769741977,-2.4162097320747558,-0.6332185729693595,5.0,-0.8300409915344291,0.02011420469414971,1.827402226345242e-05,1.0856142177938564,0.9992485269278772,1.0005785559846654,0.0007184614591117217,4.95,4.0
b1c17,batch1,857.0,False,-6.931440304765515,1.9684796239031066,-2.807471859075416,-0.44222752073284843,5.0,-0.8523779062366701,0.00550188520874232,1.4345563388985684e-05,1.0764271661661513,0.9994764905171563,1.000232551820784,0.00013028604947296323,4.95,4.0
b1c18,batch1,691.0,False,-5.732742560972026,1.687120721382037,-6.068529602801426,1.850961217733201,2.9009573766441714,-0.8455600230936806,0.004041720805338923,-5.106291898577515e-05,1.0707316533127187,0.9946799990804546,0.9013331558056142,0.1553819667266055,4.866666666666667,4.0
b1c19,batch1,788.0,False,-6.898997265765014,2.058151056501829,-5.948391413166431,1.5084224314625545,3.480073817080945,-0.8135520843775973,0.022906651415779786,-1.2907808286952827e-05,1.0890736992327348,0.9981240060381462,1.0000915778569461,0.00020038788075837696,4.866666666666667,4.0
b1c20,batch1,534.0,False,-4.753458404696596,1.4423737939338235,-4.563217194495554,1.3238244487328412,2.919002737756033,-0.8786400100435601,0.02191725024920667,-0.00014633830674087384,1.0772494708155014,0.986403729073766,1.0006077510123303,0.0007813073304900767,5.4,4.0
b1c21,batch1,559.0,False,-5.184983364088238,1.5575195909092223,-4.6495725176672815,1.2383940081835045,3.1901014436641755,-0.9030874066759872,0.028454657960054437,-8.816384044527224e-05,1.0867311376808901,0.9915397684117399,1.000876596678647,0.0008030436588497668,5.4,4.0
b1c22,batch1,891.0,False,-5.8158516974763526,1.5482154133791308,-4.321245055352973,0.709743115143635,5.0,-0.8524927916690558,0.011265120070996308,-9.515616573901705e-06,1.0835122328089046,0.9981626790550763,1.0002065187582425,0.0002048911134924331,5.04,4.0
b1c23,batch1,1014.0,False,-6.007337645743209,1.6271228514442233,-4.208430123128176,0.6534545307635751,5.0,-0.7835608414736333,0.026353922382488737,-9.374347557204051e-06,1.0829824462708715,0.9983300009958708,1.000119903253716,0.00020624203658927573,5.04,4.0
b1c24,batch1,1017.0,False,-6.5972374777018885,1.8451644811111054,-3.930600547267015,0.30196207185229385,5.0,-0.8732888321018896,0.006493632735800121,8.04197897339733e-07,1.0781006970183462,0.9990543747498033,1.0001040026408323,0.0003272090981553207,5.0,4.0
b1c25,batch1,854.0,False,-6.609086731021088,1.8968966681080635,-4.3083435026006835,0.562084678671147,5.0,-0.8014607543443504,0.017094079641902987,-2.6295126778083656e-06,1.0790211980758606,0.9985828944672303,1.000525795163166,0.00012685025741749148,5.0,4.0
b1c26,batch1,870.0,False,-6.730370060502714,1.9416860063698045,-6.000584038082391,1.5717411353039226,3.373083464358917,-0.7175193831373923,0.027336374374588204,-1.635896351267487e-05,1.0915144808765196,0.9981315921003142,1.0000227519431466,0.0007038214072012025,5.2,4.0
b1c27,batch1,842.0,False,-6.679819634412932,1.9195823734477742,-5.368603770217435,1.2119264716070957,3.8530668941401776,-0.7989528885807128,0.01525524142537009,-1.2840094001241579e-05,1.0827643912587093,0.9983433786818564,0.9999775843017794,0.0003952140026431155,5.2,4.0
b1c28,batch1,860.0,False,-6.974339584996762,2.0307328581507975,-5.376042262660818,1.1447517077966398,4.085665237684591,-0.8354333290997509,0.01777460098325357,-1.0185139146564742e-05,1.0812327683591008,0.9985368284081702,1.0007851813231086,0.00020212811052056076,5.142857142857142,4.0
b1c29,batch1,917.0,False,-6.615948677649139,1.8897191729327953,-4.933857129714837,0.9189260974570287,4.60851763498517,-0.7692862194084776,0.025030453785715615,-7.840306740875214e-06,1.083204950593279,0.9985346109551767,1.0002085579587654,0.0001835965601990252,5.142857142857142,4.0
b1c30,batch1,709.0,False,-6.727203332505974,1.9847790337062798,-6.187868174672656,1.6967901405814283,3.234871560755175,-0.8595748209469615,0.02449765459744542,-1.9529816944960108e-05,1.0838676115732833,0.9978389929313966,1.000223242236877,0.0003716547572485393,5.314285714285714,4.0
b1c31,batch1,876.0,False,-6.171191954247771,1.7442302222069748,-6.636715450942756,2.0578895618967987,2.8853567055045444,-0.8025946221495881,0.03159153753997166,-2.8567704390849945e-05,1.0985774084794888,0.9973053540552623,1.0002693059348913,0.0003454523207056618,5.314285714285714,4.0
b1c32,batch1,731.0,False,-7.024319128499815,2.0983044756243534,-6.063254542287508,1.5930211817261781,3.367365481065868,-0.7697067312970306,0.023589527410234106,-1.5311762523195196e-05,1.0814665120098947,0.9981485023038066,1.0003655662700417,0.00018311010206180643,5.249999999999999,4.0
b1c33,batch1,757.0,False,-6.605024979534819,1.949795509418431,-6.449972063590565,1.9055689533201143,3.0179973541416327,-0.8002148270877179,0.03233304145627507,-2.472754483611858e-05,1.0967641118573483,0.9974584724076724,1.000427679294987,0.00018678996614256876,5.249999999999999,4.0
b1c34,batch1,742.0,False,-6.269625280342587,1.7751587185113862,-4.014947221101233,0.48135365744807,5.0,-0.9337279851245146,0.025748792273697224,-2.760143475578023e-06,1.080306047115234,0.9985402224227388,1.0000273612919413,0.0003472190971161362,5.640000000000001,4.0
b1c35,batch1,703.0,False,-6.291574979795211,1.7934055193956457,-3.5169580662406266,0.21277898776674375,5.0,-0.8235304446392957,0.01947200207899919,4.193815708076048e-07,1.0745636246712016,0.9985930522388516,1.0000573424387444,0.00035805991401115114,5.640000000000001,4.0
b1c36,batch1,704.0,False,-6.695475495635877,1.9724538048742315,-5.118246558121454,1.0622199410529185,4.160415732173938,-0.9297401043580851,0.019963091216853007,-1.0693964131107654e-05,1.0818912689383626,0.9982820686374066,1.0002065292372673,0.0002934304140898102,5.666666666666666,4.0
b1c37,batch1,648.0,False,-6.4903729888368344,1.9217002779016914,-4.826914603641072,0.9532339799617369,4.330463124563342,-0.8016121126395787,0.0065391763967395595,-1.3147432282005127e-05,1.078763956420119,0.9979617513256912,1.0001194886599296,0.0002893912667925415,5.666666666666666,4.0
b1c38,batch1,617.0,False,-7.400972842083418,2.2702904863608775,-6.018465757882171,1.5459900869182972,3.440834322650659,-0.8169785920617466,0.020854513106939195,-1.1715589363026563e-05,1.0764175970777157,0.9985308251736768,0.9999342893819626,0.0002204481082151507,5.866666666666666,4.0
b1c39,batch1,625.0,False,-6.954996550865206,2.096809444670729,-4.567274387761513,0.7191102130248269,5.0,-0.7897512033296882,0.025907673205071712,-6.246733457023401e-06,1.086007888456813,0.9985682675319107,1.0000070613907477,4.55462371472109e-05,5.866666666666666,4.0
b1c40,batch1,966.0,False,-6.4322160137846405,1.8097027135548138,-4.88918103639166,0.9467925198408528,4.425690892403732,-0.8386274283410055,0.026180825140205418,-1.1177786023500877e-05,1.0875257266831575,0.9982178478711032,0.9998466786956889,4.266094982650901e-05,5.485714285714286,4.0
b1c41,batch1,1051.0,False,-6.228695426144677,1.7128695515358792,-4.071644879035532,0.462006905861558,5.0,-0.874812599628649,0.020984988848263827,-3.006238713673758e-06,1.0830706676693465,0.9986415913535812,0.9999528476321635,4.310471200728783e-05,5.485714285714286,4.0
b1c42,batch1,702.0,False,-7.049268918495801,2.108560941899393,-4.217185412321677,0.4359273886889187,5.0,-0.7808802996384621,0.021778604796270414,-7.647668522011615e-07,1.083960125331684,0.9988793069980466,0.9999504434455411,4.7655405376962586e-05,6.044444444444444,4.0
b1c43,batch1,651.0,False,-6.56910284573095,1.9570271658330682,-6.606421531357256,2.026139507007269,2.9156193374595913,-0.8198965551701093,0.017491984792957535,-2.6458498453926327e-05,1.0718743470575136,0.997362557991203,1.0001286297085197,3.897413282446571e-05,6.044444444444444,4.0
b1c44,batch1,616.0,False,-6.525867215761422,1.9819522868641746,-6.514421511760825,2.0531853503009008,2.8324045398884876,-0.8155049777920355,0.024382356678384124,-3.6137384044533415e-05,1.088681828808493,0.9967120847745874,1.0000359455068253,3.890551003444438e-05,6.399999999999999,4.0
b1c45,batch1,599.0,False,-7.464405855081925,2.3333482597746493,-6.229259264733083,1.679866307414299,3.2921008273030092,-0.8184001332096305,0.022720582959499733,-1.5716660482375315e-05,1.0879785365532875,0.9981151750835411,1.0002344494520965,4.904288109594986e-05,6.399999999999999,4.0
b2c0,batch2,300.0,False,-5.137384214472607,1.7882197206014776,-5.633487525532677,2.0956542307511303,2.3546429791655155,-1.0110173977617667,-0.006399826338167014,-0.0003544652393320991,1.0788870171049263,0.9676119667778345,1.000066170222644,0.0028904319961487387,5.166666666666667,4.0
b2c1,batch2,148.0,False,-3.862839597154493,1.430637613340617,-3.829102946206812,1.4086733105177136,2.2220431937625134,-1.048767188808118,0.027068989845008502,-0.0011010453463203484,1.083783727611832,0.9024361550849501,0.9991810625573251,0.0003988557207018667,4.666666666666667,4.0
b2c2,batch2,438.0,False,-6.265276904941712,1.9803309348444964,-4.069229291706714,0.6464074520815372,5.0,-1.0775204414097526,0.01072239504283464,-1.646536301793394e-05,1.0789369112916918,0.9966363473260605,1.0006758667234568,4.724419063128142e-05,4.7272727272727275,4.0
b2c3,batch2,335.0,False,-5.643607948782422,1.952682925599248,-6.286163680614807,2.3447963849630256,2.3828054803005387,-1.0916303013025375,0.0058062528899631176,-0.00023258423252937407,1.0725821433337452,0.9792605439091183,1.0006463150157083,0.00011040011591507471,4.592592592592592,4.0
b2c4,batch2,444.0,False,-5.874358980434637,1.904848905818528,-6.464063294124941,2.2540988008672787,2.557604523621931,-1.0341468737536077,0.03007768770384431,-0.00011030778726036257,1.0774286506856314,0.9900530169806449,1.0006353136227064,5.465599920317362e-05,4.504761904761905,4.0
b2c5,batch2,480.0,False,-6.720254373559721,2.1066578102696614,-4.022715882545357,0.4764858650041948,5.0,-0.9724808659390176,-0.008131382250808393,-4.291205936923636e-06,1.0722157828159138,0.9979809141724951,1.000468159160617,2.6773698176137146e-05,4.736363636363636,4.0
b2c6,batch2,511.0,False,-4.836220560618529,1.5161113807556743,-6.016658101710113,2.198621413074353,2.418646550857667,-1.009448658253831,0.011260045174786569,-0.00021969849845393177,1.0757558830171097,0.9807252142228253,1.000445915752449,7.323470872058473e-05,4.5600000000000005,4.0
b2c10,batch2,561.0,False,-6.139850099681861,1.9330119160143395,-6.317876643023705,2.019801679072054,2.7819100740965563,-1.100131111539094,0.015518002509872321,-6.425434879406335e-05,1.0747863647177895,0.9936397547873425,1.0006703643621186,4.766587224193095e-05,4.56551724137931,4.0
b2c11,batch2,477.0,False,-6.715090364534829,2.187259422280899,-5.826342660035429,1.6456461956848214,3.1157199336918824,-0.9653046758346147,0.0273294301674561,-4.529234013606083e-05,1.0765122012661308,0.9950788831550325,1.000950654315063,6.217904865758225e-05,4.6060606060606055,4.0
b2c12,batch2,458.0,False,-5.408540404741954,1.7363572989770453,-6.2740023163840135,2.2450783388271556,2.4832239550983464,-1.1275793898467403,0.020036422011142807,-0.0001520699839208418,1.0765985792809727,0.9865755730278922,1.0000502477105488,0.00013479259178633514,4.0,4.0
b2c13,batch2,483.0,False,-5.612983747757965,1.7777372925977997,-6.754190233711611,2.446440823223961,2.4751141216634545,-1.0608568562193808,0.03424132861222993,-0.00012496737043908205,1.0852528773065342,0.9890791515229296,1.0001395189508187,0.00019092969272112715,4.666666666666666,4.0
b2c14,batch2,485.0,False,-7.038384660726106,2.2349968470177495,-4.430710051894475,0.6576742431569342,5.0,-0.9916519702174856,0.02116268959482265,-6.789208410638071e-06,1.0824527920531846,0.9981424807919825,1.000141474123214,0.00012180703853312025,4.708333333333333,4.0
b2c17,batch2,494.0,False,-6.0852770156665175,1.8685860534797243,-2.9769985392546436,-0.044394260911127026,5.0,-0.9539557781778139,0.021260830773948053,1.4787141620281294e-05,1.0740384971915067,0.9967965777639575,1.000336618524423,0.0008224137033687488,4.672727272727273,4.0
b2c18,batch2,487.0,False,-5.790237964722988,1.8249552519970151,-5.942316215782423,1.9147427420230654,2.7384076703204663,-1.051435866493078,0.01959328955903924,-8.587356338899829e-05,1.0685204598136464,0.9920493689829633,0.9999264135485845,0.0001412647018292347,4.728358208955225,4.0
b2c19,batch2,461.0,False,-4.547637677299889,1.3549472693932683,-4.8616083395174075,1.5526783182397308,2.680940595538531,-0.9975207698329097,0.0058633713929561355,-0.00018045457142857764,1.0512164376883115,0.9842131682127816,0.9999978206232895,0.0001933638976914554,4.826666666666667,4.0
b2c20,batch2,502.0,False,-6.587632397153012,2.07216533842716,-4.199619866434788,0.6334079626276496,5.0,-1.0043642704150992,0.023410120285267778,-1.0060541743972484e-05,1.0885016351036896,0.9973260441318402,1.0002328299588814,0.0001513682279513837,4.7214285714285715,4.0
b2c21,batch2,489.0,False,-6.497695136604006,2.0836146095729546,-6.088586819487142,1.8447012300549273,2.921674647005382,-1.0237940473265328,0.015776349822007898,-4.755366110080631e-05,1.0823034043929083,0.9952322895354321,1.0002265100091137,3.704533743065689e-05,4.7525641025641026,4.0
b2c22,batch2,513.0,False,-6.590693550097506,2.0615302373651696,-4.470755668905243,0.7793240420427969,4.839816893987334,-1.0405484816708348,0.012688583308983174,-1.1882797773654862e-05,1.084835928747062,0.9974397455206374,1.0000957855555943,4.163614692942444e-05,4.759375,4.0
b2c23,batch2,527.0,False,-6.011775920615938,1.8621463038054498,-6.76941448778356,2.3253373320307076,2.6105650994499996,-0.9891668713370371,0.02854625390436996,-6.972020655535339e-05,1.0790413446757368,0.993685631541674,1.0002620365861115,3.314052483552841e-05,4.953370786516855,4.0
b2c24,batch2,495.0,False,-6.374257627808809,1.949156060014492,-3.473269089044405,0.21488256461159683,5.0,-1.0562939001349136,-0.003255854081311405,-1.0897588126258526e-07,1.072123560800247,0.9979581665000469,1.000231031065367,3.5634912117183816e-05,4.8,4.0
b2c25,batch2,461.0,False,-6.663795899230352,2.1471452313658643,-5.443045992045466,1.414832209471576,3.3531014886078303,-0.9969562248431707,0.027337609708726673,-3.412685466914333e-05,1.072296886759843,0.9959654549660817,1.000196908240812,3.5377750273503735e-05,4.8,4.0
b2c26,batch2,471.0,False,-6.541296006580118,2.109580286544063,-5.637404290239957,1.5643297517553447,3.15690108198894,-1.0783438347513439,0.012291640485241182,-4.194623747681148e-05,1.0828524318486907,0.9951594606422439,1.0000879744698015,3.779817270124969e-05,4.8,4.0
b2c27,batch2,468.0,False,-6.733091098310462,2.1282316861714032,-3.9524135364457686,0.43533550877718963,5.0,-1.0076646621081786,0.006145523214555537,-3.517157699443889e-06,1.0708811679719645,0.997769243309153,1.000213548087842,0.00012446901200807915,4.836170212765959,4.0
b2c28,batch2,509.0,False,-6.833705807891992,2.1122617672224395,-3.488363551521484,0.08822270998150344,5.0,-1.029263396941551,0.017050310487633304,4.903245516392036e-06,1.0765758102362393,0.9984752456172361,1.0008681319454231,0.0017993148465771324,4.8012345679012345,4.0
b2c29,batch2,498.0,False,-6.6371180977394815,1.9859558250561458,-1.2090839996633138,-1.4107026535662635,5.0,-0.9696702747721039,0.019309628079094317,2.981738899195722e-05,1.0768058283129247,0.9995375484265108,1.0004689293288325,4.728103160331032e-05,4.753932584269664,4.0
b2c30,batch2,481.0,False,-6.7404379003203605,2.1106729586294337,-3.3883311955704762,0.06604354333186468,5.0,-1.1026322374040505,0.007967318423658304,5.358942486080027e-06,1.0719448646402803,0.9982633122761346,1.000165222797715,0.00016816877085089639,4.9,4.0
b2c31,batch2,492.0,False,-6.928767005641815,2.1557645447725164,-3.248205081524361,-0.07656485185334666,5.0,-1.066176000045044,0.022108772335330085,8.944904143471112e-06,1.0788477209997935,0.9986507898587844,1.00014872231803,0.0001271494221784901,4.95438596491228,4.0
b2c32,batch2,519.0,False,-6.963482651415254,2.119664472420062,-2.7568839002179883,-0.38103287607282155,5.0,-1.0894686187386544,0.02328326367856312,1.392701669758535e-05,1.0791403241686246,0.9984428076768925,0.9996517110892008,0.0005049327109382731,4.928571428571429,4.0
b2c33,batch2,520.0,False,-7.134711822578499,2.1756601219254943,-2.3824377005763546,-0.6981074293012288,5.0,-0.9355560354228591,0.03377277697792689,1.7065502782927268e-05,1.0837891664287773,0.9993302538032147,1.000020521177436,0.0002920685025015327,4.892307692307692,4.0
b2c34,batch2,499.0,False,-6.954368358751397,2.1221188156035753,-2.684081052233597,-0.4418861201226395,5.0,-1.042059888042381,0.022198063913565547,1.5379794681509843e-05,1.0740644850166974,0.9991781798044777,1.0000015886785467,0.0004537412789003088,4.804651162790697,4.0
b2c35,batch2,463.0,False,-6.769902470114939,2.1457743336220956,-4.211459154266671,0.5805241683104476,5.0,-1.1439174812959574,0.017968471864503108,-5.5286666666694365e-06,1.0736809347272724,0.9974934718946612,1.0002805611898515,0.00035668534814554004,4.716483516483517,4.0
b2c36,batch2,535.0,False,-6.971357278271106,2.1325361273601704,-2.5351490582839733,-0.5441255487120956,5.0,-1.1130682807477743,0.014672198468519146,2.0404599876312527e-05,1.084188889648732,0.9993735155758688,1.0003176396714457,0.00028209244982927133,5.111111111111111,4.0
b2c37,batch2,478.0,False,-6.710911791627715,2.0098387545827725,0.4702765177303957,-2.6584523694083404,5.0,-1.0895914530833282,0.009634829536683842,3.160805442177099e-05,1.0791311730628732,0.9999321211565223,1.0003090004198245,0.0003024227433570025,5.134482758620689,4.0
b2c38,batch2,465.0,False,-6.956490413059427,2.157999064100785,-2.885104982790703,-0.3380452628766445,5.0,-1.0093621062553901,0.013505162217043565,1.2823094619665319e-05,1.0743392100531846,0.9990725048162158,1.000267619456699,0.0002179363498931791,5.122388059701493,4.0
b2c39,batch2,459.0,False,-6.7784678608660585,2.0714019707143603,-1.5639038048632798,-1.2125329779535226,5.0,-1.0166865633958964,0.005655302531223712,2.7611954236238384e-05,1.084589160030921,0.9995624134202054,1.00035458012533,0.0003162312857645724,5.061538461538461,4.0
b2c40,batch2,499.0,False,-6.583951723907587,2.0878733051942735,-4.979161272843904,1.1220324365571273,3.8146769460973275,-1.0084060966414852,0.01983585128792318,-2.374781694496674e-05,1.0825712053308594,0.9968444295746144,0.9995206392900751,0.0013688761054961366,4.92,4.0
b2c41,batch2,429.0,False,-6.783814310775762,2.135542311646376,-2.9188358312193934,-0.21476796022793884,5.0,-1.0886632595428711,0.008427669412981178,1.2578975881258578e-05,1.074195235866419,0.998107246723053,1.0001697999657138,4.3473488405091464e-05,4.988235294117646,4.0
b2c42,batch2,466.0,False,-6.857423029660662,2.1485841773837278,-3.073133628164184,-0.1268808687106679,5.0,-1.0879831712619377,0.031602440976607825,7.946470006181249e-06,1.0827478158882704,0.998543478074354,0.9999434651170056,3.520847002119044e-05,5.25,4.0
b2c43,batch2,462.0,False,-6.980251067654096,2.2057692466587184,-3.270939764581383,-0.03779500924226137,5.0,-0.9970996274297884,0.014101976004494237,8.44147680890072e-06,1.0792335856928466,0.9985140438360306,1.000127916736265,3.1957515690002805e-05,5.313725490196078,4.0
b2c44,batch2,457.0,False,-7.030731469319754,2.1755883370959648,-2.2307728022111344,-0.7539360425958838,5.0,-1.0344140667674244,0.024085409107364814,1.9010848484845876e-05,1.0754294386464642,0.9991950925996337,1.0001041158338335,3.0802869035557e-05,5.333333333333333,4.0
b2c45,batch2,487.0,False,-6.995437381892606,2.221311464551107,-4.875953658218919,0.9372372078278901,4.456698495318319,-1.1140249507278452,0.014919373864008406,-1.040764873222564e-05,1.0750491405903937,0.9978325631809507,1.000092517960248,2.6890335391045186e-05,4.958333333333333,4.0
b2c46,batch2,429.0,False,-6.9065159596384085,2.118583754031226,-1.5354155006397907,-1.2432958556759377,5.0,-1.0138288196898115,0.03117541315599416,2.5429343228194967e-05,1.0779012479398062,0.9995141824281099,1.0002043897079347,3.399288764613808e-05,5.305555555555556,4.0
b2c47,batch2,713.0,False,-6.171410937481706,1.8305122964034117,-5.051749462797964,1.1436143876884768,3.8061601054704925,-1.086350955748867,0.013915625152277516,-1.4931126777983551e-05,1.0497099541323434,0.996855254284866,1.0003441543859584,4.67841355024139e-05,5.249999999999999,4.0
b3c0,batch3,1009.0,False,-6.027784698733579,1.6226569828591046,-4.373477499467555,0.6893836630128217,5.0,-0.9444927315215675,0.018109331960043024,-7.751280148425865e-06,1.0708014173077711,0.998319633663149,1.000308905504786,6.115776453457084e-05,4.7701149425287355,4.0
b3c1,batch3,1063.0,False,-5.885407508809637,1.5736394680922718,-5.068817107469517,1.1343389592499884,3.8523292068032204,-0.9062136858283608,0.013138167346380384,-1.7122961038958862e-05,1.068607831619047,0.997893293648328,1.0003607069891474,5.6799609696984024e-05,4.948648648648649,4.0
b3c2,batch3,1267.0,False,-5.920533045151222,1.5714380199587508,-6.543864461370532,1.954528458550219,2.990437121273738,-1.075122743241567,-0.000850649238843514,-2.1967756338901124e-05,1.0631932454722737,0.9977453650021422,1.0006046772825659,7.310322880092587e-05,5.087179487179487,4.0
b3c3,batch3,1115.0,False,-5.981042549153861,1.5952040742514846,-4.847681306320251,0.972547483504514,4.265818761912385,-1.0733557006427543,-0.0007260863009070693,-1.4351047619054282e-05,1.0653889206002884,0.9981350853332205,1.0005937590294238,6.16989565168153e-05,5.135714285714284,4.0
b3c4,batch3,1048.0,False,-6.289773760718898,1.7247583456635658,-4.325814461998255,0.6097032179945553,5.0,-1.029976025096232,0.020296839107354886,-6.9540915275190545e-06,1.074905367758812,0.9986506144126731,1.0003576368092295,4.8887077802445504e-05,5.087179487179487,4.0
b3c5,batch3,828.0,False,-6.247064801642273,1.766196281339661,-5.2805489096842155,1.217206554164808,3.764011037955566,-1.0100024567308439,0.005276228521997464,-1.779947186147626e-05,1.0540650427619045,0.9979917680136257,1.0004637822065332,6.958644577975777e-05,5.135714285714284,4.0
b3c6,batch3,667.0,False,-3.9857460428631377,1.1158862555157019,-4.119231460595192,1.2042199768403055,2.8402297935908956,-0.9046818892292484,0.019190789972520703,-0.00020305981818181877,1.063922329515151,0.9816850244134451,1.000289835910362,7.008755846052607e-05,4.5627450980392155,4.0
b3c7,batch3,1836.0,False,-6.258116283415479,1.6022537770758996,-5.040906553410998,0.9743700956786338,4.456147174807215,-1.0037417744092894,0.01233101658332692,-5.46782931354112e-06,1.0705463754566065,0.9977747733311221,1.0001297531266349,0.0005898478130575025,4.8,4.0
b3c8,batch3,828.0,False,-6.636820627439039,1.8839594642074216,-4.869184369255537,0.8607750311121254,4.844720413801481,-1.0437964138756526,0.006262582906300438,-6.125960420530652e-06,1.0683423775168002,0.9985074853134833,0.9999604428957043,3.9372344000061436e-05,4.7701149425287355,4.0
b3c9,batch3,1039.0,False,-7.0812073981316495,1.966130703209549,-4.940598756088232,0.8387925200538416,5.0,-0.9999954051062626,0.008704561495798586,-1.7423240568994576e-06,1.07297703731478,0.9991568274014512,1.0002213362567105,5.1903456713310855e-05,4.948648648648649,4.0
b3c10,batch3,1078.0,False,-6.465583368736161,1.763636911542816,-4.482390841087229,0.639768960418023,5.0,-0.9185771590607851,-0.011007045460327535,-5.362049474337987e-06,1.0647220150282415,0.997597070059352,1.000246764531514,0.0004228703997265239,4.8,4.0
b3c11,batch3,817.0,False,-6.396621387325308,1.837419307637932,-5.94729797614233,1.5991940843840406,3.28185804528398,-1.0175351914443336,0.01285831177037291,-2.0016886827462427e-05,1.070852382440321,0.9977095057426264,1.0001473576496793,3.5796752799541895e-05,5.087179487179487,4.0
b3c12,batch3,932.0,False,-6.737354868816754,1.87661084150822,-5.183361646330599,1.0615582760828821,4.224348057971768,-1.0697921152944105,0.01560134111016391,-9.0026777983947e-06,1.076813307274788,0.998704186661006,1.000196475758932,4.995498925305608e-05,5.135714285714284,4.0
b3c13,batch3,816.0,False,-6.553783992268608,1.8993026994950875,-5.568501637169587,1.345628656197279,3.618778189961242,-0.964283755000491,0.016815311804901267,-1.5030204081638734e-05,1.0695070505091733,0.9977977882703474,1.0000638330585425,0.00017190540633472677,5.087179487179487,4.0
b3c14,batch3,858.0,False,-6.685579429471008,1.8938597090431475,-4.1328167310003945,0.4229611500591829,5.0,-0.982851789926292,0.011661676843866766,1.3416487322201472e-06,1.0769900072277876,0.9987862547244895,1.000469694768649,7.440881043585255e-05,5.135714285714284,4.0
b3c15,batch3,876.0,False,-6.738259661022332,1.9400735523482289,-5.714083188695342,1.3815966103678088,3.6299402783162584,-1.0897325196381145,0.01600641314235936,-1.3585788497220824e-05,1.0712620570315399,0.9981918542609702,0.9999757475485039,0.00012325949263938476,5.1571428571428575,4.0
b3c16,batch3,1638.0,False,-5.915635574354054,1.5219100796448504,-4.938080049609406,0.9682999789448108,4.377889225912086,-1.044154346290884,0.01302095588992445,-1.073354359925562e-05,1.064115936986188,0.9983436496610438,1.0000162493747047,0.00024879191383334726,4.8,4.0
b3c17,batch3,1315.0,False,-5.167664671566465,1.3015081530564365,-2.939488790080029,0.10736521308929425,5.0,-0.8650922872547923,0.011031736318895749,-9.356926406929003e-06,1.0676033678932177,0.9976113256132519,1.0007281689787788,0.0011711932721598782,4.948648648648649,4.0
b3c18,batch3,1146.0,False,-5.764332566743382,1.5416249363316217,-6.457756062487289,1.9823735135831364,2.904995460589198,-0.8818485500283894,0.015887974036622877,-3.034145825603121e-05,1.0704256214417642,0.9971165895857065,1.0001048245008737,0.000174875801364959,5.087179487179487,4.0
b3c19,batch3,1155.0,False,-5.803330390063254,1.5548001351586214,-6.988155692502744,2.2642308145393586,2.777625694245405,-0.962001933220993,0.016412980750921954,-3.133641187384385e-05,1.0743080883186966,0.9971952770323929,1.0002801151060683,0.0001420723242236771,5.135714285714284,4.0
b3c20,batch3,813.0,False,-6.701402891480346,1.9074678037894968,-5.133493711354307,1.0288313912896967,4.310253112960879,-1.0335793884020883,0.016524519065280064,-9.289171304886536e-06,1.06793435884766,0.9984943563408467,1.0004820366804876,5.10734793907878e-05,4.7701149425287355,4.0
b3c21,batch3,772.0,False,-4.283634337508569,1.1779081804084053,-5.002973247963203,1.6116234463384966,2.6706010348792075,-0.8261999922742761,0.019548635210747647,-0.00016099147062461356,1.070051747830138,0.9861414502664219,1.0002052960635284,0.00013110148481955105,4.5627450980392155,4.0
b3c22,batch3,1002.0,False,-5.9828364455390455,1.5904724528937098,-5.728275464618428,1.4787203662288189,3.4011200326594873,-0.949562217461093,0.014704260737950737,-1.7987904761904664e-05,1.0590765538499272,0.9979196310177805,1.0001395971449785,0.00018343613824795183,5.2,4.0
b3c23,batch3,2188.0,True,-5.29123522165504,1.2645601309789813,-4.262312391626857,0.5972353083675952,5.0,-0.9525349739988831,0.010511499171519573,-6.864200371059107e-06,1.0685241509866004,0.9981597727062015,0.9997934272008583,0.00040143411446614787,4.8,4.0
b3c24,batch3,825.0,False,-6.473879404905839,1.8161341392904162,-3.1565002866738014,-0.15283746386796754,5.0,-1.0066482086233994,0.006660079494186259,7.122217687074378e-06,1.0501282355848274,0.9990588157386333,0.9999673800664746,0.00018661190695920557,4.7701149425287355,4.0
b3c25,batch3,989.0,False,-6.386137245281134,1.7431137216303747,-3.481273445319513,0.03768504767622499,5.0,-0.9711719663980695,0.014992890220831534,4.766212739633344e-06,1.0646301665846216,0.9989136613236399,1.000127606089181,0.00024056199140598989,4.948648648648649,4.0
b3c26,batch3,1028.0,False,-6.487831829085606,1.7970961718302376,-4.430820029517533,0.6017364751866026,5.0,-0.9446941512407191,0.01923979465106338,-2.4065491651167365e-06,1.075267667340754,0.9988071862219271,1.0001275410642323,0.00019173726512174624,5.087179487179487,4.0
b3c27,batch3,850.0,False,-6.383769528197201,1.7994413745219924,-4.578298187933825,0.7374339995143238,5.0,-0.9871581338487355,-0.003578387205363689,-6.742053184913997e-06,1.064076207338693,0.9983533633261028,1.0001303734412992,0.00025239804572443366,5.135714285714284,4.0
b3c28,batch3,541.0,False,-4.352401401438016,1.2831458428079303,-4.7027099522089175,1.4989361285036578,2.6710544043459077,-0.9121662115217456,0.0023777775839504667,-0.00020000602844774074,1.054538588258915,0.982005278633996,0.9999858618185942,0.00018275654964032274,4.5627450980392155,4.0
b3c29,batch3,858.0,False,-6.424617105791378,1.8259403499760227,-3.9278576859142196,0.34908664810920337,5.0,-0.9193467727332525,0.01848867621957519,8.951490414297084e-07,1.070487567600907,0.9984759757769304,1.000079332042755,4.9023597751206004e-05,5.1571428571428575,4.0
b3c30,batch3,935.0,False,-6.474141623414898,1.788373800566255,-4.8891332979391695,0.876642745935501,4.7797843682966406,-0.9368272510692635,0.01368028833694992,-5.665262832409687e-06,1.0720167516367756,0.998757907625966,1.000292924542424,3.684087290522222e-05,4.948648648648649,4.0
b3c31,batch3,731.0,False,-6.4559976803595305,1.8425741156100832,-4.969578276095386,1.0050319714929707,4.249226286219926,-1.0162656308758253,0.01934684806436936,-1.1271478045764125e-05,1.0714013282086166,0.9982064281726275,1.000020072278921,0.00021146574308018192,5.2,4.0
b3c32,batch3,2236.0,True,-5.427802823657522,1.3012356319819296,-5.8356589567557515,1.4340478373029097,3.581950907635395,-0.9133630032200752,0.022638150709410682,-1.2653557204700707e-05,1.0750472799022874,0.9985113207254054,0.9997285350654493,0.00043020518485001015,4.8,4.0
b3c33,batch3,1284.0,False,-5.943386892347712,1.561926495365387,-5.497476521371649,1.2796219307904764,3.7499408235926297,-1.003403643929072,-0.002182353954669141,-1.460174891774707e-05,1.0629064477806631,0.9981350735173947,1.0000007840379093,3.807174731377801e-05,4.7701149425287355,4.0
b3c34,batch3,1158.0,False,-5.875988553035758,1.574071124022229,-6.099568038413349,1.7129210678151445,3.152858666725298,-0.8968460746202607,0.014205881118882623,-2.3192974644405724e-05,1.0644286154442377,0.9974944928927472,1.0000114573073111,4.0865718107729337e-05,4.948648648648649,4.0
b3c35,batch3,1093.0,False,-6.220382245635757,1.7056246949584093,-7.254240622862168,2.3231098932086818,2.8217651854049843,-0.9180951270242395,0.014228252004813603,-2.111037353123288e-05,1.0655716805652438,0.9979717223857907,1.0001466371410317,5.093192315487433e-05,5.087179487179487,4.0
b3c36,batch3,923.0,False,-5.7605611308486395,1.559227554253691,-5.571462308880098,1.4688151701351202,3.3172943768655694,-1.0063870818617457,0.010021497660292618,-2.4096006184297087e-05,1.0605961165174191,0.9973471081923486,1.000114134861735,3.478129824498087e-05,5.135714285714284,4.0
b3c37,batch3,1390.0,False,-5.610496651345795,1.437293817191212,-3.764401926892304,0.3398049263481933,5.0,-0.971264484215674,-0.0005833829642675985,-4.327666048236465e-06,1.0496096018775505,0.9981164009193174,0.9992018012730448,0.005161922793368792,4.8,4.0
b3c38,batch3,1935.0,False,-5.943018734472826,1.5043759874077938,-5.336485029127432,1.1569190825859117,4.008504220040848,-0.9473422561602282,0.01749418109939967,-1.0482231292522919e-05,1.0725235776343018,0.9986264308749846,1.000133533510656,5.222021893210099e-05,4.7701149425287355,4.0
b3c39,batch3,1156.0,False,-5.869448740171384,1.5476475233176532,-5.014999518059799,1.029069956140706,4.194107006981404,-0.9563849963220643,0.007505171496023161,-9.214886827459372e-06,1.051074280440321,0.9980580210322247,1.0001707254582888,3.69921465099159e-05,4.948648648648649,4.0
b3c40,batch3,796.0,False,-6.575874710085955,1.900338027285598,-5.376993300057095,1.2223987181020903,3.8269209763114174,-0.9649666823832724,0.014862207310942623,-1.0782481137906446e-05,1.0635744550228812,0.9980596370669669,1.0002541876338833,3.420308485765797e-05,5.087179487179487,4.0
b3c41,batch3,786.0,False,-7.0178933827628,2.0175018243736345,-3.367232350972833,-0.11085373994933512,5.0,-0.9968038842446941,0.011638753716688195,7.176570191713343e-06,1.0540417646171918,0.9992949552087519,1.0003342852427946,3.6270673322919735e-05,5.135714285714284,4.0
b3c42,batch3,1642.0,False,-6.407576964592746,1.6809094175888601,-4.062233474566402,0.33463489898714405,5.0,-0.9153317244472404,0.011409184537900718,-1.1110946197315694e-07,1.0695463049663987,0.9990908813067829,1.000039285283646,3.7748067453343914e-05,4.8,4.0
b3c43,batch3,1046.0,False,-6.736251362957258,1.8486935946298926,-4.327219034367634,0.43720243150263555,5.0,-0.8861683137116174,0.018525241191329925,1.0605157699441611e-06,1.0728488349078538,0.9990861745419669,1.000181124409285,3.742837975180298e-05,4.7701149425287355,4.0
b3c44,batch3,940.0,False,-6.716923261331392,1.8507637274253967,-4.241116190750581,0.4399255718652598,5.0,-0.912756044388253,0.002271478706132909,2.156542980821176e-06,1.0732378971160583,0.9990978405349338,1.0002337159707737,2.9879861106973368e-05,4.948648648648649,4.0
b3c45,batch3,1801.0,False,-6.150833801650591,1.5771512936058218,-3.9961832682073304,0.36301037174861256,5.0,-0.9195641598855939,0.005978867964500058,-2.447095856532005e-06,1.0716548574442382,0.9989649628353002,1.0001419458965188,0.00037825746923471993,4.8,4.0
b4c0,batch4,857.0,False,-6.343238319887718,1.7950349385330107,-3.696075063030773,0.23817225526168095,5.0,-1.0586523400742356,-0.010021890738064547,-1.8087594310485535e-06,1.043155062892599,0.9985763197520687,1.0002539493013078,5.918954332142218e-05,4.84,4.0
b4c1,batch4,761.0,False,-5.9238781463654,1.70744479329246,-5.732803681896991,1.6292101650440658,3.0897386878413076,-0.9277106375234466,0.008828482539107948,-3.5813871366732266e-05,1.050833811480107,0.9966074188224189,1.0002987538878538,7.352956599753449e-05,4.98875,4.0
b4c2,batch4,743.0,False,-6.5162480993299186,1.8874705437900912,-4.376132625958558,0.6021355515529916,5.0,-1.0500927766198074,0.013559248175436108,-8.86424118738464e-06,1.055298551048031,0.9980696561005271,1.000558369175072,6.751900950726732e-05,4.98875,4.0
b4c3,batch4,778.0,False,-6.708260944427984,1.916137670984397,-3.6795823567397785,0.0902418074977056,5.0,-0.9794379235549849,0.010798029109697987,4.050948670371554e-06,1.0502844076784166,0.9990432642673667,1.000538028950735,6.847218281656003e-05,5.1850000000000005,4.0
b4c4,batch4,657.0,False,-6.453324016829839,1.8231036877397497,-3.784961974862161,0.23813534716889068,5.0,-0.9532045747433412,-0.0035949885393334008,-9.867928262270707e-07,1.0437755688583794,0.9987459529067778,1.0003473949066912,6.234519950111454e-05,5.45,4.0
b4c5,batch4,914.0,False,-6.333419820496736,1.7310243248619348,-3.360627562776059,-0.06182436263505153,5.0,-0.9160509968152883,-0.0004641394472471602,7.17554483610902e-06,1.0402820936780044,0.9990700773818174,1.0004180690448954,5.6447948150850405e-05,4.8629999999999995,4.0
b4c6,batch4,707.0,False,-6.5657121719213976,1.876013664600531,-3.894854475745891,0.29141763801672244,5.0,-1.0787707170591327,-0.006702410699638124,-2.13682993197199e-06,1.0390398308517828,0.9987827701753295,1.000448186992866,5.986485670868852e-05,5.1850000000000005,4.0
b4c7,batch4,530.0,False,-6.804736419087065,1.979876458646684,-3.4972888205618253,0.05418574120288716,5.0,-1.0209630643093193,0.016284902964279466,5.549177489171937e-06,1.0554866646753245,0.999186332968832,1.000052598331336,0.00016294235664264626,5.45,4.0
b4c8,batch4,678.0,False,-7.008258515541286,2.063644834485926,-3.2064414009268676,-0.1817322580581478,5.0,-0.9567157436043492,0.013652709908782212,8.08191218305856e-06,1.0523000800544209,0.9992806107212362,0.9999196620698639,0.00013885102377155214,4.8629999999999995,4.0
b4c9,batch4,443.0,False,-6.5894544618263104,2.0070338754171764,-4.310961592032286,0.6794229291515279,5.0,-1.014506111045301,0.00853290589492877,-9.051085961656887e-06,1.0618918003335391,0.9980083322665422,1.0001637808511321,0.00016963376672746926,5.72,4.0
b4c10,batch4,873.0,False,-6.536168748960351,1.8125763522945015,-3.666453485285304,0.13032744166077187,5.0,-0.8964340807112636,0.015505980145428469,3.188817563380713e-06,1.065077229900227,0.9990182971287982,1.0001237480311902,0.0003759035527674405,4.84,4.0
b4c11,batch4,864.0,False,-6.736281390428277,1.882799550572707,-3.646810579246215,0.11796957177981326,5.0,-0.8935073552686114,0.012495845570181713,1.8481162646891804e-06,1.0622530430401975,0.9991857483569129,1.0001322798409664,0.00016641746923140466,4.84,4.0
b4c12,batch4,819.0,False,-6.7637431710564435,1.9015466362043814,-3.84924117809446,0.2211126048753268,5.0,-0.9261070587131398,0.014760176307489624,1.8143487940622136e-06,1.0613049540700883,0.9990807325170836,1.0001792541579975,0.00021173896958079542,4.9585,4.0
b4c13,batch4,772.0,False,-6.705565522523744,1.8834353820810987,-2.197814490726601,-0.7734636103452235,5.0,-0.9206357406523108,0.013838200182934027,1.695532838590101e-05,1.0694220590603993,0.9994374575922027,1.0000548954051467,0.00012817363495183501,4.9585,4.0
b4c14,batch4,608.0,False,-7.261670582207731,2.1489062227187796,-3.33273229661034,-0.1331997192420053,5.0,-0.9790310851945057,-0.00047313519498654223,5.934169449601291e-06,1.0636079240247367,0.9992309468852549,1.0003951395330233,0.00014013366458056443,5.1850000000000005,4.0
b4c15,batch4,676.0,False,-6.859910168881575,1.9908347339720458,-3.6340399880458305,0.12998535792191052,5.0,-1.028539878030154,0.011222334499176504,3.268831168835167e-06,1.065194082539682,0.9990780316242565,0.9999280175713594,0.00017342168165638598,5.1850000000000005,4.0
b4c16,batch4,910.0,False,-6.253526074604899,1.7158168621553282,-3.937353129905349,0.3620905153380932,5.0,-0.9595707797961348,0.007294029252450319,-3.4639876314213637e-06,1.0595184724601112,0.9987311265690398,1.0000232081726885,0.0001584365897521594,5.063000000000001,4.0
b4c17,batch4,828.0,False,-6.346175925194168,1.782405294128666,-4.267293592067206,0.5419108607704712,5.0,-1.0110596818337922,0.007691076916320047,-6.500544217694088e-06,1.0420903136136876,0.9984970076867896,1.0004666089324814,0.00018291758188818873,5.063000000000001,4.0
b4c18,batch4,907.0,False,-6.036532275071809,1.643906242157605,-4.66244655575383,0.8572681461085014,4.623380175047549,-0.9094362338065196,0.013791163972089023,-1.1594312925172761e-05,1.0539744079389817,0.9983172766803518,1.0007379908252538,0.00026249884880404117,4.98875,4.0
b4c19,batch4,992.0,False,-5.981573715756444,1.60209386547059,-4.47140594653146,0.7590221806279611,4.97012608916698,-0.9739409293363966,0.014424517918393063,-1.0767146567719237e-05,1.0525644598284885,0.9985100642849414,1.000136976737972,0.00013028038464968925,5.063000000000001,4.0
b4c20,batch4,748.0,False,-6.019973034071517,1.7215852856321596,-5.833287708885659,1.6342018058778771,3.1417892735662076,-0.8794509660218341,0.009626079412728196,-3.1767925788499914e-05,1.0471025409828896,0.9970239366258052,1.0002770303198336,0.0001515604176666373,4.98875,4.0
b4c21,batch4,774.0,False,-6.798767080712914,1.9270177780956093,-3.1500106356469253,-0.21650070207577665,5.0,-0.9081359004738417,-0.007829511805666102,8.51639455782157e-06,1.05861383357452,0.9994320929672401,1.0004006966354506,3.63689169115016e-05,4.84,4.0
b4c22,batch4,672.0,False,-6.45690891862984,1.8539524599574657,-6.458596096188892,1.899177757196372,3.0326945806038825,-1.015273611950197,0.010825298849524538,-2.1484479901056448e-05,1.0533020074648525,0.9979007789984456,1.0003715321397262,0.00027520585089578785,5.45,4.0
b4c23,batch4,1039.0,False,-6.237111973252809,1.667882896593737,-3.672414502359404,0.18351443660899702,5.0,-0.9755991841606464,-0.00025405920600728756,8.361682127313755e-07,1.0509517281484229,0.9990911585042582,1.000367273741285,5.744819454650435e-05,4.9585,4.0
b4c24,batch4,989.0,False,-6.227788953393729,1.6869340366637182,-3.874751789314261,0.3042504470793898,5.0,-0.9478315361957979,0.009428014945336738,-1.6865108225147588e-06,1.048162255486291,0.9987763248224397,1.0001143616877828,0.0001806538504527651,4.8629999999999995,4.0
b4c25,batch4,454.0,False,-6.392612751193228,1.8922779062162671,-2.8701276915378315,-0.22926883349618138,5.0,-0.9686862554240285,0.0037189396147306124,1.334528262213578e-05,1.0369486037175837,0.998915708543689,0.9997950843558763,0.0003221076070178725,5.72,4.0
b4c26,batch4,477.0,False,-6.6410004822997575,1.9756672245840585,-4.606954210764647,0.7973460394460193,4.901239879668582,-1.045685988500687,0.009879556014088926,-8.39055040198076e-06,1.0399365928179751,0.9983979436768332,0.9999368419103628,0.0001832667867980723,5.72,4.0
b4c27,batch4,501.0,False,-6.546744825506595,1.9352099508082552,-3.897637465482604,0.37343865360761286,5.0,-1.0632945753027936,0.003941782393247494,-1.8339022881895835e-06,1.0404534805318488,0.9986428422680911,1.0001450710445228,0.0002842723072469658,5.45,4.0
b4c28,batch4,829.0,False,-6.596100106051942,1.8384860466263517,-3.7895337435890113,0.20454808591459295,5.0,-1.032887410340912,0.006076822332031682,2.1925157699446926e-06,1.067494442301793,0.9990416630348293,1.0001088958913702,7.141484498264352e-05,4.9585,4.0
b4c29,batch4,888.0,False,-6.128055576091393,1.6767161415314629,-5.272410814058845,1.2207447658328663,3.746434912299253,-0.9442395602015834,0.017937064596327233,-1.8774102659246667e-05,1.0681557509527928,0.9981621189198665,1.0000285044625534,0.00020705706634394753,4.84,4.0
b4c30,batch4,616.0,False,-6.6060258501461995,1.9808840603365752,-4.3133123500653285,0.6355128537997599,5.0,-0.9817516087608487,0.004761303062334977,-7.53911069882969e-06,1.0526937562618013,0.9982540437967516,1.0001089302233879,0.00013938936573396283,4.98875,4.0
b4c31,batch4,560.0,False,-6.510239695109358,1.8966471152611084,-4.230900629090828,0.5643957205578638,5.0,-1.0366166870481286,0.0032611070251704266,-5.753727891161045e-06,1.0549260532537617,0.9987052382607021,1.0000697173891964,0.00017089421920778557,5.45,4.0
b4c32,batch4,755.0,False,-6.4857468557277125,1.8146079735622587,-3.7765058857800735,0.2733249420945103,5.0,-0.9771864160940223,0.006314046541103713,-4.442795305339602e-09,1.057941391229025,0.9989458266961384,1.000257128016056,4.450803316408716e-05,5.063000000000001,4.0
b4c33,batch4,506.0,False,-6.705725682129484,2.0057137377387724,-4.621966460249373,0.80422230876355,4.878000041984358,-0.9352122788131007,0.014874006022365795,-1.0783549783550112e-05,1.0669703741702738,0.9983447722154873,1.0000413037044462,6.429835962799837e-05,5.72,4.0
b4c34,batch4,892.0,False,-6.11986466286081,1.6848939547043862,-3.8169751412212647,0.35009140547694456,5.0,-1.0706412243201466,0.005383069880449869,-4.728300556586113e-06,1.0523365362576782,0.9984373063313647,0.9996650891838348,5.832562210252449e-05,4.84,4.0
b4c35,batch4,1082.0,False,-5.954999318676102,1.5844685977831194,-4.5356733663992275,0.7777921204167687,4.932813358931132,-0.9112582671977033,0.010894383724104548,-1.1370231292516223e-05,1.0567641171494533,0.9983944875355407,0.9999374782399677,5.1831992775479886e-05,4.84,4.0
b4c36,batch4,600.0,False,-6.256370081167736,1.7903081540672663,-5.2375378942946735,1.2245609555442272,3.7062817244092154,-0.9588207423454986,0.006111494065715069,-1.9463027829316945e-05,1.061961570984951,0.9979197172849644,0.9999720433502016,5.0528068169450704e-05,5.72,4.0
b4c37,batch4,864.0,False,-6.136409298433404,1.6999184081484457,-4.450328588577965,0.7191814950351715,5.0,-0.9868618991106646,0.003109655566076844,-1.0294880643171557e-05,1.0457192005289628,0.9983235225702048,1.0000697065095352,4.612434151334351e-05,5.063000000000001,4.0
b4c38,batch4,1166.0,False,-6.2726660785917465,1.6916199732008197,-4.1640287268244816,0.4594501060753525,5.0,-0.991178356057459,0.012068673100461787,-2.3194755720471584e-06,1.0604367265875072,0.9988215683716566,1.0000241906958272,4.405748820783336e-05,4.84,4.0
b4c39,batch4,739.0,False,-6.49062708455301,1.8226043146188249,-4.733263101940659,0.8460002898887468,4.768666330049567,-0.9287575523413942,0.011229514348278548,-9.172113790974937e-06,1.050506232348794,0.9987639746486306,1.0000815802366179,4.13696061227146e-05,5.1850000000000005,4.0
b4c40,batch4,1089.0,False,-6.26234360905916,1.6941076124455619,-4.901820497749327,0.8992029156572772,4.6739733826832754,-0.958585475359726,0.009245678840927326,-7.710437847867235e-06,1.061486149501958,0.9986123477875416,1.0000763959214498,4.2586531461891824e-05,4.8629999999999995,4.0
b4c41,batch4,837.0,False,-6.991060674338848,1.9642526741756994,-2.7168282179113534,-0.5624936006945811,5.0,-0.9881684946361138,0.011530719218700521,1.073101546071941e-05,1.0595251808377653,0.9997420757853958,1.0000217579063304,4.545434503163277e-05,4.84,4.0
b4c42,batch4,775.0,False,-6.901917515285582,1.9591363192188112,-2.7919536614948393,-0.4560390179318562,5.0,-0.9481143885319149,0.0082643991211573,1.2831482993188064e-05,1.0531537630542154,0.9996108157001291,1.000142882673379,4.6853375050768356e-05,4.84,4.0
b4c43,batch4,751.0,False,-7.0004302302478605,1.999788641993147,-2.042703982009301,-1.0443520191664057,5.0,-0.8979043357030787,0.005509282432174995,1.4798554112552308e-05,1.0448190696998554,0.9997541788402002,1.000166203365739,3.4185875498126116e-05,4.8629999999999995,4.0
b4c44,batch4,943.0,False,-6.658958052990849,1.8185966752700264,-1.549866195630119,-1.4181139119266966,5.0,-0.9937505568680858,-0.0036862342756292916,1.3845495361783277e-05,1.0466271504436195,0.9997742393009953,1.0000963311675157,7.4762003936788e-05,4.9585,4.0
