target,source,stage,learner,repeats,train_n,test_n,test_groups,base_r2_mean,aug_r2_mean,delta_r2_mean,base_rmse_mean,aug_rmse_mean,relative_rmse_improvement_mean,relative_rmse_ci_lo,relative_rmse_ci_hi,fraction_repeats_positive,mse_improvement_mean,target_label,source_label,target_domain,source_domain,neighborhood,relation,rationale,source_group_cv_r2_mean,raw_source_target_evaluation_key_overlap,source_model_evaluation_key_overlap_after_exclusion,discovery_selected,target_equivalent_n,target_sample_fraction_saved,target_equivalence_status,permutation_p_raw,permutation_p_holm,learners_positive_of_three,edge_status,permutation_p_raw_refined,permutation_p_holm_refined,permutations,amendment,edge_status_refined
te_zt,te_power_factor,confirmation,ridge-primary,100,30,174,60,-55.15210970627985,-41.52261633038042,13.62949337589942,1.2172061669820642,1.080347125781283,0.0791330664182944,0.0517503840229863,0.1951077792783941,0.91,0.937909918566692,Thermoelectric ZT,Thermoelectric power factor,thermoelectric,thermoelectric,3,constitutive-calibration,ZT contains power factor,0.1386160205045605,348,0,True,120.0,0.75,right-censored-at-largest-learning-curve-budget,0.02,0.06,3,suggestive-not-confirmed,0.013,0.039,999.0,uniform-post-discovery-resolution-refinement,internally-confirmed-awaits-external-replication
te_zt,te_thermal,confirmation,ridge-primary,100,30,174,60,-55.15210970627985,-58.19028488540252,-3.0381751791226552,1.2172061669820642,1.238009590446423,-0.0097156509214827,-0.0745692960433298,0.0220125552122698,0.5,-0.2090712072894076,Thermoelectric ZT,Thermoelectric thermal conductivity,thermoelectric,thermoelectric,3,constitutive-calibration,ZT is inversely related to thermal conductivity,0.3829588065156543,348,0,False,120.0,0.75,right-censored-at-largest-learning-curve-budget,,,0,unresolved,,,,,unresolved
te_zt,te_seebeck,confirmation,ridge-primary,100,30,174,60,-55.15210970627985,-58.99487931493365,-3.842769608653799,1.2172061669820642,1.2395968900754837,-0.0040549171452556,-0.076634679624982,0.005683250027473,0.48,-0.2644391564176686,Thermoelectric ZT,Thermoelectric Seebeck coefficient,thermoelectric,thermoelectric,2,physical-neighbor,Seebeck coefficient contributes to power factor,0.2060726906664721,348,0,False,120.0,0.75,right-censored-at-largest-learning-curve-budget,,,0,unresolved,,,,,unresolved
te_zt,alloy_ys,confirmation,ridge-primary,100,30,174,60,-55.15210970627985,-54.48136409050071,0.6707456157791504,1.2172061669820642,1.210874110256556,0.004437826926092,-0.0391756111147504,0.0382935178124315,0.58,0.0461571790325531,Thermoelectric ZT,Alloy yield strength,thermoelectric,multi-principal-element alloy,0,distant-control,mechanical alloy endpoint,0.3150891531964627,0,0,False,120.0,0.75,right-censored-at-largest-learning-curve-budget,,,1,unresolved,,,,,unresolved
te_zt,catalysis_h2,confirmation,ridge-primary,100,30,174,60,-55.15210970627985,-54.00410772093824,1.1480019853415977,1.2172061669820642,1.208841261238829,-0.0001040021577847,-0.0033421456823323,0.0246724189388206,0.46,0.0789994476603267,Thermoelectric ZT,CO2R H2 Faradaic efficiency,thermoelectric,CO2 electroreduction,0,distant-control,electrocatalytic selectivity endpoint,0.2364169130709764,0,0,False,120.0,0.75,right-censored-at-largest-learning-curve-budget,,,0,unresolved,,,,,unresolved
alloy_ys,alloy_uts,confirmation,ridge-primary,100,30,79,30,-0.1485886115817499,0.0249130150294307,0.1735016266111806,0.3351983880713033,0.3118298215917222,0.0646107368522526,0.0369064416232111,0.1303265288563297,1.0,0.0178090948823192,Alloy yield strength,Alloy ultimate tensile strength,multi-principal-element alloy,multi-principal-element alloy,3,physical-neighbor,paired tensile strength endpoints,0.4176971898124118,76,0,True,112.98229872193228,0.7344716797289206,interpolated,0.01,0.05,3,suggestive-not-confirmed,0.001,0.005,999.0,uniform-post-discovery-resolution-refinement,internally-confirmed-awaits-external-replication
alloy_ys,alloy_hardness,confirmation,ridge-primary,100,30,79,30,-0.1485886115817499,-0.0724509222865564,0.0761376892951934,0.3351983880713033,0.3235086381786097,0.0344217601662695,0.0033995753012166,0.0726676765053972,0.94,0.00781516207809,Alloy yield strength,Alloy hardness,multi-principal-element alloy,multi-principal-element alloy,2,physical-neighbor,hardness-strength relation,0.5743482399423776,80,0,True,42.65436225939737,0.2966721711238205,interpolated,0.11,0.22,3,suggestive-not-confirmed,0.08,0.16,999.0,uniform-post-discovery-resolution-refinement,suggestive-not-confirmed
alloy_ys,alloy_elongation,confirmation,ridge-primary,100,30,79,30,-0.1485886115817499,-0.1157360854414128,0.032852526140337,0.3351983880713033,0.3311255970515814,0.0104975417742439,-0.0051218504034025,0.0369134446953999,0.76,0.0033721514119766,Alloy yield strength,Alloy elongation,multi-principal-element alloy,multi-principal-element alloy,1,same-domain,strength-ductility relation is non-universal,-0.0347579883564576,95,0,False,33.39879530607881,0.1017640089988577,interpolated,,,1,unresolved,,,,,unresolved
alloy_ys,te_thermal,confirmation,ridge-primary,100,30,79,30,-0.1485886115817499,-0.1574083472038908,-0.0088197356221409,0.3351983880713033,0.3358361953040449,-0.0011913225909526,-0.0125101188653939,0.0007245556642775,0.38,-0.0009053028008992,Alloy yield strength,Thermoelectric thermal conductivity,multi-principal-element alloy,thermoelectric,0,distant-control,unrelated transport endpoint,0.5713319598750842,0,0,False,14.559337878460756,-1.0605332639736542,interpolated,,,0,practically-equivalent,,,,,practically-equivalent
alloy_ys,catalysis_h2,confirmation,ridge-primary,100,30,79,30,-0.1485886115817499,-0.1467021477497983,0.0018864638319516,0.3351983880713033,0.3349674744204921,0.0005828529714697,-0.0020563225551394,0.0039360810584046,0.56,0.0001936363020421,Alloy yield strength,CO2R H2 Faradaic efficiency,multi-principal-element alloy,CO2 electroreduction,0,distant-control,unrelated selectivity endpoint,0.2364169130709764,0,0,False,15.920884159058046,-0.8843174600282337,interpolated,,,1,practically-equivalent,,,,,practically-equivalent
catalysis_h2,catalysis_co,confirmation,ridge-primary,100,30,43,9,0.2382294362964,0.271005431934765,0.0327759956383649,24.33994758346764,23.94524853794349,0.0095242722138611,-0.0026189087866795,0.046010908754286,0.58,26.112100954467323,CO2R H2 Faradaic efficiency,CO2R CO Faradaic efficiency,CO2 electroreduction,CO2 electroreduction,3,closure-calibration,competing product selectivity,-0.2396865735164176,86,0,False,37.56099234676212,0.201299057196339,interpolated,,,1,unresolved,,,,,unresolved
catalysis_h2,catalysis_voltage,confirmation,ridge-primary,100,30,43,9,0.2382294362964,0.2100195509275165,-0.0282098853688834,24.33994758346764,24.860221267805205,-0.024166843417511,-0.0480134324106283,0.0438703964582253,0.15,-22.47435540307457,CO2R H2 Faradaic efficiency,CO2R cell voltage,CO2 electroreduction,CO2 electroreduction,2,same-domain,operating potential and selectivity,-0.8244101594523467,86,0,False,27.96973760577623,-0.0725878241276201,interpolated,,,0,unresolved,,,,,unresolved
catalysis_h2,te_zt,confirmation,ridge-primary,100,30,43,9,0.2382294362964,0.2585698209358701,0.0203403846394701,24.33994758346764,23.97720749252808,0.0160446863570916,-0.0029887972821149,0.0252726128735928,0.79,16.20485257011818,CO2R H2 Faradaic efficiency,Thermoelectric ZT,CO2 electroreduction,thermoelectric,0,distant-control,unrelated thermoelectric endpoint,0.2749497749396796,0,0,False,37.18752448354669,0.1932778420549813,interpolated,,,1,unresolved,,,,,unresolved
catalysis_h2,alloy_ys,confirmation,ridge-primary,100,30,43,9,0.2382294362964,0.2121574096054481,-0.0260720266909518,24.33994758346764,24.79674330583175,-0.0207229036765535,-0.0413815044457202,0.0009228976673959,0.19,-20.77115827550383,CO2R H2 Faradaic efficiency,Alloy yield strength,CO2 electroreduction,multi-principal-element alloy,0,distant-control,unrelated mechanical endpoint,0.3150891531964627,0,0,False,28.45070759139548,-0.0544553207904425,interpolated,,,0,unresolved,,,,,unresolved
catalysis_h2,electrolyte_conductivity,confirmation,ridge-primary,100,30,43,9,0.2382294362964,0.2418619441250583,0.0036325078286583,24.33994758346764,24.285436693155223,0.002187213927931,-0.0029788419783767,0.0101203953283618,0.66,2.893959719374384,CO2R H2 Faradaic efficiency,Solid-electrolyte ionic conductivity,CO2 electroreduction,solid electrolyte,0,distant-control,different electrochemical material function,0.4100609069794871,0,0,False,33.58560125310666,0.1067600733446745,interpolated,,,1,practically-equivalent,,,,,practically-equivalent
electrolyte_conductivity,te_electrical,confirmation,ridge-primary,100,30,55,22,-3.941349039110219,-3.819728253933936,0.1216207851762827,4.688896389648386,4.667334487754132,0.0014424800835108,-0.0187215696474215,0.033498258344538,0.55,0.8474568183327262,Solid-electrolyte ionic conductivity,Thermoelectric electrical conductivity,solid electrolyte,thermoelectric,2,cross-domain-transport,composition-mediated charge transport,0.3428031662453789,0,0,False,8.0,-2.75,no-savings,,,1,unresolved,,,,,unresolved
electrolyte_conductivity,te_power_factor,confirmation,ridge-primary,100,30,55,22,-3.941349039110219,-3.747836602785221,0.1935124363249971,4.688896389648386,4.660496180977963,0.0017783011190597,-0.0320432119510801,0.0534010605368638,0.59,1.3483997275473658,Solid-electrolyte ionic conductivity,Thermoelectric power factor,solid electrolyte,thermoelectric,1,cross-domain-transport,electronic transport composite,0.4310351864936504,0,0,False,8.0,-2.75,no-savings,,,1,unresolved,,,,,unresolved
electrolyte_conductivity,te_thermal,confirmation,ridge-primary,100,30,55,22,-3.941349039110219,-3.864675210955014,0.0766738281552051,4.688896389648386,4.719040058988451,-0.0204955927912856,-0.04439556758384,0.0711297394748681,0.18,0.5342652439187795,Solid-electrolyte ionic conductivity,Thermoelectric thermal conductivity,solid electrolyte,thermoelectric,1,cross-domain-transport,lattice transport context,0.5713319598750842,0,0,True,8.0,-2.75,no-savings,0.76,0.76,1,unresolved,0.76,0.76,999.0,uniform-post-discovery-resolution-refinement,unresolved
electrolyte_conductivity,alloy_ys,confirmation,ridge-primary,100,30,55,22,-3.941349039110219,-3.76215383989994,0.1791951992102793,4.688896389648386,4.6482257698424645,0.000153555959317,-0.0057060463353348,0.0397593894927855,0.51,1.2486368441309526,Solid-electrolyte ionic conductivity,Alloy yield strength,solid electrolyte,multi-principal-element alloy,0,distant-control,mechanical endpoint,0.3150891531964627,0,0,False,8.0,-2.75,no-savings,,,1,unresolved,,,,,unresolved
electrolyte_conductivity,catalysis_h2,confirmation,ridge-primary,100,30,55,22,-3.941349039110219,-3.99744352714848,-0.0560944880382616,4.688896389648386,4.708241656364538,-0.0044133778291427,-0.0107013984996186,0.0017437939863631,0.4,-0.390867862676641,Solid-electrolyte ionic conductivity,CO2R H2 Faradaic efficiency,solid electrolyte,CO2 electroreduction,0,distant-control,surface selectivity endpoint,0.2364169130709764,0,0,False,8.0,-2.75,no-savings,,,0,practically-equivalent,,,,,practically-equivalent
solubility,hydration,confirmation,ridge-primary,100,30,750,395,0.1300489735679148,0.1330928105755909,0.003043837007676,2.6652858869837326,2.6606232361548434,0.0017459938939196,0.0006662728583404,0.0028045938244483,0.81,0.025010139922042,Aqueous solubility,Hydration free energy,aqueous molecular thermodynamics,aqueous molecular thermodynamics,3,cross-dataset-thermodynamic,aqueous solvation contribution,0.4627047025931091,71,0,False,34.815630485235666,0.1383180605411652,interpolated,,,1,practically-equivalent,,,,,practically-equivalent
solubility,pka_acid,confirmation,ridge-primary,100,30,750,395,0.1300489735679148,0.1295414359376378,-0.0005075376302769,2.6652858869837326,2.6660812246465286,-0.0003054386323107,-0.0009160661533992,0.0001818453623284,0.4,-0.0041702584983748,Aqueous solubility,Molecular pKa,aqueous molecular thermodynamics,aqueous molecular acid-base,2,cross-dataset-ionization,ionization controls apparent solubility,0.2801971413180322,61,0,False,34.35099913355666,0.1266629572153048,interpolated,,,0,practically-equivalent,,,,,practically-equivalent
solubility,pka_base,confirmation,ridge-primary,100,30,750,395,0.1300489735679148,0.1296292031970502,-0.0004197703708645,2.6652858869837326,2.6659694643773397,-0.0002744268585995,-0.0010172141355975,0.0007812229868063,0.38,-0.0034491057451418,Aqueous solubility,Molecular conjugate-acid pKa,aqueous molecular thermodynamics,aqueous molecular acid-base,2,cross-dataset-ionization,protonation controls apparent solubility,0.380264346927831,60,0,False,34.36051313766579,0.1269047735170701,interpolated,,,0,practically-equivalent,,,,,practically-equivalent
solubility,photo_e_pipi,confirmation,ridge-primary,100,30,750,395,0.1300489735679148,0.1297266016091321,-0.0003223719587827,2.6652858869837326,2.665749491306836,-0.0001631881543417,-0.0007566676244658,0.0007262375127371,0.43,-0.0026488171921708,Aqueous solubility,Photoswitch E π-π* wavelength,aqueous molecular thermodynamics,molecular photoswitch,0,distant-control,optical endpoint,-0.2948152287337262,0,0,False,34.37923915462911,0.1273803394814062,interpolated,,,0,practically-equivalent,,,,,practically-equivalent
solubility,polymer_tg,confirmation,ridge-primary,100,30,750,395,0.1300489735679148,0.1292929427491469,-0.0007560308187679,2.6652858869837326,2.666491792602617,-0.000470941052322,-0.0007691674606516,-0.0001549305200081,0.36,-0.0062120397758083,Aqueous solubility,Polymer glass-transition temperature,aqueous molecular thermodynamics,polymer,0,distant-control,polymer thermal endpoint,0.3316237910651871,0,0,False,34.31604802571097,0.1257734580181614,interpolated,,,0,practically-equivalent,,,,,practically-equivalent
hydration,solubility,confirmation,ridge-primary,100,30,128,80,0.1527750167290332,0.1508157860622247,-0.0019592306668084,3.5855713464357333,3.5894478339680016,-0.0010346337246547,-0.01535272471563,0.0118553656879393,0.5,-0.0297992704455889,Hydration free energy,Aqueous solubility,aqueous molecular thermodynamics,aqueous molecular thermodynamics,3,cross-dataset-thermodynamic,aqueous dissolution relation,0.4096569899012556,208,0,False,30.92018429310291,0.0297599873396668,interpolated,,,0,practically-equivalent,,,,,practically-equivalent
hydration,pka_acid,confirmation,ridge-primary,100,30,128,80,0.1527750167290332,0.1551261263557729,0.0023511096267397,3.5855713464357333,3.580538131581114,0.0014155570556944,-0.0013880527489336,0.0056553129406992,0.77,0.0357596238163073,Hydration free energy,Molecular pKa,aqueous molecular thermodynamics,aqueous molecular acid-base,1,cross-dataset-ionization,charge-state context,0.2672451463592924,21,0,False,31.948957954749467,0.0610022385553184,interpolated,,,1,practically-equivalent,,,,,practically-equivalent
hydration,pka_base,confirmation,ridge-primary,100,30,128,80,0.1527750167290332,0.1534516030500184,0.0006765863209851,3.5855713464357333,3.584158894811351,0.0003871441047129,-0.0026129943323794,0.003326616987951,0.64,0.0102906610744646,Hydration free energy,Molecular conjugate-acid pKa,aqueous molecular thermodynamics,aqueous molecular acid-base,1,cross-dataset-ionization,charge-state context,0.380404898658279,59,0,False,31.53088048318224,0.0485517835126351,interpolated,,,1,practically-equivalent,,,,,practically-equivalent
hydration,photo_e_pipi,confirmation,ridge-primary,100,30,128,80,0.1527750167290332,0.1592453438969609,0.0064703271679276,3.5855713464357333,3.571989058900728,0.0037397453788833,-0.0011863846440559,0.0105983353069248,0.83,0.0984116022758063,Hydration free energy,Photoswitch E π-π* wavelength,aqueous molecular thermodynamics,molecular photoswitch,0,distant-control,optical endpoint,-0.2948152287337262,0,0,False,32.93609090523122,0.0891450935595055,interpolated,,,1,practically-equivalent,,,,,practically-equivalent
hydration,polymer_tg,confirmation,ridge-primary,100,30,128,80,0.1527750167290332,0.1648882520599203,0.012113235330887,3.5855713464357333,3.5597185140414727,0.007231633326786,0.0025119569112789,0.0125540113852403,0.93,0.184238426700501,Hydration free energy,Polymer glass-transition temperature,aqueous molecular thermodynamics,polymer,0,distant-control,polymer thermal endpoint,0.3316237910651871,0,0,False,34.35292985417664,0.1267120409424818,interpolated,,,1,practically-equivalent,,,,,practically-equivalent
photo_z_pipi,photo_e_pipi,confirmation,ridge-primary,100,20,16,4,-0.5509388256694087,-0.4261285626648821,0.1248102630045264,25.94309418848532,24.841345826919557,0.0432749907050125,-0.002527183599463,0.0483768768296509,0.93,54.94576812738335,Photoswitch Z π-π* wavelength,Photoswitch E π-π* wavelength,molecular photoswitch,molecular photoswitch,3,physical-neighbor,paired E/Z electronic transition,-0.2385782814668441,45,0,True,48.0,0.5833333333333334,right-censored-at-largest-learning-curve-budget,0.01,0.05,3,suggestive-not-confirmed,0.001,0.005,999.0,uniform-post-discovery-resolution-refinement,suggestive-not-confirmed
photo_z_pipi,photo_z_npi,confirmation,ridge-primary,100,20,16,4,-0.5509388256694087,-0.5291780085959739,0.0217608170734348,25.94309418848532,25.765913752818527,0.0066229823717397,0.004060164488548,0.0726440791244136,0.92,9.57985970381293,Photoswitch Z π-π* wavelength,Photoswitch Z n-π* wavelength,molecular photoswitch,molecular photoswitch,2,same-state-neighbor,same-isomer electronic transition,-0.9731151172748196,44,0,False,48.0,0.5833333333333334,right-censored-at-largest-learning-curve-budget,,,1,unresolved,,,,,unresolved
photo_z_pipi,photo_e_npi,confirmation,ridge-primary,100,20,16,4,-0.5509388256694087,-0.5726121691711121,-0.0216733435017032,25.94309418848532,26.125024914478228,-0.0070517563050991,-0.009055388018268,0.0069529846410461,0.1,-9.54135083063266,Photoswitch Z π-π* wavelength,Photoswitch E n-π* wavelength,molecular photoswitch,molecular photoswitch,2,same-domain,other-isomer electronic transition,-2.233173711312534,35,0,False,48.0,0.5833333333333334,right-censored-at-largest-learning-curve-budget,,,0,practically-equivalent,,,,,practically-equivalent
photo_z_pipi,pka_acid,confirmation,ridge-primary,100,20,16,4,-0.5509388256694087,-0.5530289760616824,-0.0020901503922738,25.94309418848532,25.9565391357103,-0.0003767770117531,-0.0043988248351277,0.0003226836812518,0.47,-0.92015605159867,Photoswitch Z π-π* wavelength,Molecular pKa,molecular photoswitch,aqueous molecular acid-base,0,distant-control,acid-base endpoint,0.2614225157137268,0,0,False,48.0,0.5833333333333334,right-censored-at-largest-learning-curve-budget,,,0,practically-equivalent,,,,,practically-equivalent
photo_z_pipi,solubility,confirmation,ridge-primary,100,20,16,4,-0.5509388256694087,-0.5388929060586558,0.0120459196107529,25.94309418848532,25.83762864657709,0.0042318146568444,-0.0246261565969675,0.0127379929360058,0.86,5.303027891140057,Photoswitch Z π-π* wavelength,Aqueous solubility,molecular photoswitch,aqueous molecular thermodynamics,0,distant-control,aqueous bulk endpoint,0.4076258236447208,0,0,False,48.0,0.5833333333333334,right-censored-at-largest-learning-curve-budget,,,1,unresolved,,,,,unresolved
polymer_tensile,polymer_young,confirmation,ridge-primary,100,15,16,14,-0.0513569964727352,-0.0141475060031539,0.0372094904695812,0.4065165262286651,0.4000560867096805,0.0138397895769363,0.0017125713466934,0.0367129051222456,0.8,0.0060210678403186,Polymer tensile strength,Polymer Young's modulus,polymer,polymer,3,physical-neighbor,paired mechanical response,-0.0170639455360029,32,0,False,17.625572830602934,0.1489638297624122,interpolated,,,1,unresolved,,,,,unresolved
polymer_tensile,polymer_hardness,confirmation,ridge-primary,100,15,16,14,-0.0513569964727352,-0.0528200462536678,-0.0014630497809326,0.4065165262286651,0.4068239078524076,-0.0008125021833869,-0.0037847775342131,0.0022747619758083,0.49,-0.0002367439562753,Polymer tensile strength,Polymer hardness,polymer,polymer,2,physical-neighbor,mechanical resistance,-1.2294345140638012,20,0,False,15.169163175353622,0.011151780318935,interpolated,,,0,practically-equivalent,,,,,practically-equivalent
polymer_tensile,polymer_elongation,confirmation,ridge-primary,100,15,16,14,-0.0513569964727352,-0.0305809104899686,0.0207760859827666,0.4065165262286651,0.402889187228413,0.0078988602610362,-0.0024943052229512,0.0212682207766175,0.75,0.0033618902484245,Polymer tensile strength,Polymer elongation at break,polymer,polymer,2,same-domain,strength-ductility relation,-0.1510138978018874,30,0,False,16.597286869472747,0.0962378298353463,interpolated,,,1,unresolved,,,,,unresolved
polymer_tensile,polymer_tg,confirmation,ridge-primary,100,15,16,14,-0.0513569964727352,-0.0491963162206451,0.00216068025209,0.4065165262286651,0.4062055103685635,0.000388235171121,-0.0075814457010727,0.0090036485793816,0.56,0.0003496312960723,Polymer tensile strength,Polymer glass-transition temperature,polymer,polymer,1,same-domain,chain mobility context,0.3319578096337998,32,0,False,15.393613189333212,0.0255699025623146,interpolated,,,1,practically-equivalent,,,,,practically-equivalent
polymer_tensile,photo_e_pipi,confirmation,ridge-primary,100,15,16,14,-0.0513569964727352,-0.0617438505619889,-0.0103868540892536,0.4065165262286651,0.4084067479620319,-0.0044905357983814,-0.0175688287978365,0.0072987953508483,0.34,-0.0016807527415623,Polymer tensile strength,Photoswitch E π-π* wavelength,polymer,molecular photoswitch,0,distant-control,small-molecule optical endpoint,-0.2948152287337262,0,0,False,14.759962661613004,-0.0162627334424953,interpolated,,,0,practically-equivalent,,,,,practically-equivalent
polymer_tm,polymer_tg,confirmation,ridge-primary,100,15,17,15,-0.4481302659957792,-0.4663381011671571,-0.0182078351713778,79.21459063862714,79.74552014318095,-0.0071202196039462,-0.0273916981904679,0.0179379409838026,0.24,-80.23517210933255,Polymer melting temperature,Polymer glass-transition temperature,polymer,polymer,3,physical-neighbor,paired polymer thermal transitions,0.3201100070924658,34,0,False,8.0,-0.875,no-savings,,,0,unresolved,,,,,unresolved
polymer_tm,polymer_crystallization,confirmation,ridge-primary,100,15,17,15,-0.4481302659957792,-0.4364294554926405,0.0117008105031386,79.21459063862714,78.91766046271009,0.0034202289672283,0.0009816715116304,0.007083154258368,0.79,51.56112935456511,Polymer melting temperature,Polymer crystallization temperature,polymer,polymer,3,physical-neighbor,crystallization-melting relation,0.0099440194363701,23,0,False,8.0,-0.875,no-savings,,,1,practically-equivalent,,,,,practically-equivalent
polymer_tm,polymer_td,confirmation,ridge-primary,100,15,17,15,-0.4481302659957792,-0.4462908621523351,0.0018394038434441,79.21459063862714,79.16246008470895,0.0006907920937936,-0.0008573338506672,0.0022824673696705,0.63,8.105570078386123,Polymer melting temperature,Polymer decomposition temperature,polymer,polymer,2,same-domain,polymer thermal stability,-0.1139931153422568,34,0,False,8.0,-0.875,no-savings,,,1,practically-equivalent,,,,,practically-equivalent
polymer_tm,polymer_tensile,confirmation,ridge-primary,100,15,17,15,-0.4481302659957792,-0.4387430359301237,0.0093872300656555,79.21459063862714,78.99815352832155,0.0021628671809771,-0.0084251857766217,0.012999040330796,0.57,41.36603900785297,Polymer melting temperature,Polymer tensile strength,polymer,polymer,1,same-domain,structure-mediated mechanical relation,-0.343311334925847,32,0,False,8.0,-0.875,no-savings,,,1,practically-equivalent,,,,,practically-equivalent
polymer_tm,photo_e_pipi,confirmation,ridge-primary,100,15,17,15,-0.4481302659957792,-0.4505784783220097,-0.0024482123262305,79.21459063862714,79.29185927194955,-0.0011089198992222,-0.0131085556978919,0.0143991241114189,0.36,-10.78836311436317,Polymer melting temperature,Photoswitch E π-π* wavelength,polymer,molecular photoswitch,0,distant-control,small-molecule optical endpoint,-0.2948152287337262,0,0,False,8.0,-0.875,no-savings,,,0,practically-equivalent,,,,,practically-equivalent
