target,method,learner,repeat,train_n,sources,q1_relative_rmse_gain,q4_relative_rmse_gain,gain_specific,q4_r2
te_zt,primary,ridge_alpha_10,0,30,te_seebeck,0.11904784779722581,-0.002521477813704871,-0.12156932561093069,-0.18217322118846258
te_zt,mechanism_bundle,ridge_alpha_10,0,30,te_power_factor|te_thermal|te_seebeck,0.10526905928011618,0.1066295767672823,0.0013605174871661185,0.06123500615714461
te_zt,all_five,ridge_alpha_10,0,30,te_power_factor|te_thermal|te_seebeck|alloy_ys|catalysis_h2,0.08802624811438212,0.1011166447636715,0.01309039664928939,0.04961313954140267
te_zt,primary,random_forest,0,30,te_seebeck,-0.014935123371643702,-0.043527331985942115,-0.02859220861429841,-0.05034718358761903
te_zt,mechanism_bundle,random_forest,0,30,te_power_factor|te_thermal|te_seebeck,0.2675152252364751,-0.1636104975156925,-0.4311257227521676,-0.3059918877593919
te_zt,all_five,random_forest,0,30,te_power_factor|te_thermal|te_seebeck|alloy_ys|catalysis_h2,0.24958831344921872,-0.10125016443846975,-0.35083847788768846,-0.16976114234876727
te_zt,primary,extra_trees,0,30,te_seebeck,-0.0465759708363993,-0.02982074072190849,0.01675523011449081,-0.15799828753185619
te_zt,mechanism_bundle,extra_trees,0,30,te_power_factor|te_thermal|te_seebeck,0.13428525698288835,0.020129520067505645,-0.1141557369153827,-0.048387892279694755
te_zt,all_five,extra_trees,0,30,te_power_factor|te_thermal|te_seebeck|alloy_ys|catalysis_h2,0.10806190200900152,0.018761095623098207,-0.08930080638590332,-0.05131815992503652
te_zt,primary,ridge_alpha_10,1,30,te_seebeck,-0.0008439462789193013,-0.003873173349147738,-0.0030292270702284366,-3.4989497883855956
te_zt,mechanism_bundle,ridge_alpha_10,1,30,te_power_factor|te_thermal|te_seebeck,0.04170861776447588,0.006243440192021407,-0.03546517757245447,-3.4087296264223834
te_zt,all_five,ridge_alpha_10,1,30,te_power_factor|te_thermal|te_seebeck|alloy_ys|catalysis_h2,0.051152392878021605,0.006447930642749296,-0.04470446223527231,-3.4069153986984144
te_zt,primary,random_forest,1,30,te_seebeck,-0.010538945354701505,-0.0016911622461152596,0.008847783108586246,-0.10022129545495906
te_zt,mechanism_bundle,random_forest,1,30,te_power_factor|te_thermal|te_seebeck,0.10078253071554086,0.023659607801979426,-0.07712292291356143,-0.045237244443172786
te_zt,all_five,random_forest,1,30,te_power_factor|te_thermal|te_seebeck|alloy_ys|catalysis_h2,0.13581846860079264,0.03729616714465115,-0.09852230145614149,-0.016243461470777598
te_zt,primary,extra_trees,1,30,te_seebeck,-0.01889957451319421,-0.00011551798177799782,0.018784056531416213,-0.24449874136671834
te_zt,mechanism_bundle,extra_trees,1,30,te_power_factor|te_thermal|te_seebeck,0.029518790883321273,0.04028989984928629,0.010771108965965018,-0.1459726708457807
te_zt,all_five,extra_trees,1,30,te_power_factor|te_thermal|te_seebeck|alloy_ys|catalysis_h2,0.04045987294070191,0.006554641900826465,-0.03390523103987545,-0.2279540040631638
te_zt,primary,ridge_alpha_10,2,30,te_seebeck,-0.08041308659810413,0.017857177160348355,0.09827026375845249,-1.5062987019459566
te_zt,mechanism_bundle,ridge_alpha_10,2,30,te_power_factor|te_thermal|te_seebeck,-0.1098376295045761,0.09606529971188754,0.20590292921646364,-1.1230374318617877
te_zt,all_five,ridge_alpha_10,2,30,te_power_factor|te_thermal|te_seebeck|alloy_ys|catalysis_h2,-0.1169970616404471,0.1318240632138442,0.2488211248542913,-0.9583892801058982
te_zt,primary,random_forest,2,30,te_seebeck,0.04732638585435979,0.11097217018123946,0.06364578432687967,-0.21227977411422483
te_zt,mechanism_bundle,random_forest,2,30,te_power_factor|te_thermal|te_seebeck,0.15616867954662672,0.15548882085312965,-0.0006798586934970707,-0.09391342637505184
te_zt,all_five,random_forest,2,30,te_power_factor|te_thermal|te_seebeck|alloy_ys|catalysis_h2,0.11721111140380111,0.15404815981367825,0.03683704840987714,-0.09764884803769114
te_zt,primary,extra_trees,2,30,te_seebeck,0.02946511740658927,0.006734772384600144,-0.02273034502198913,-0.5749154956445501
te_zt,mechanism_bundle,extra_trees,2,30,te_power_factor|te_thermal|te_seebeck,0.09650931629944573,0.05784204729112315,-0.03866726900832258,-0.4170142867270432
te_zt,all_five,extra_trees,2,30,te_power_factor|te_thermal|te_seebeck|alloy_ys|catalysis_h2,0.0659874441813771,0.09066769624817146,0.02468025206679436,-0.3199942255929291
alloy_ys,primary,ridge_alpha_10,0,30,alloy_uts,0.008231418989152365,0.017715228459313784,0.00948380947016142,-0.6965023986936796
alloy_ys,mechanism_bundle,ridge_alpha_10,0,30,alloy_uts|alloy_hardness|alloy_elongation,0.036879473295156076,0.07157904868598325,0.03469957539082717,-0.5155473885499138
alloy_ys,all_five,ridge_alpha_10,0,30,alloy_uts|alloy_hardness|alloy_elongation|te_thermal|catalysis_h2,0.007039235497344534,0.09234806246804322,0.08530882697069869,-0.4484994471442132
alloy_ys,primary,random_forest,0,30,alloy_uts,0.018310292988857457,-0.059408342195027386,-0.07771863518388485,-0.07825696100114987
alloy_ys,mechanism_bundle,random_forest,0,30,alloy_uts|alloy_hardness|alloy_elongation,0.11811427175636542,-0.05271280908415026,-0.17082708084051568,-0.06467071476398578
alloy_ys,all_five,random_forest,0,30,alloy_uts|alloy_hardness|alloy_elongation|te_thermal|catalysis_h2,0.09323664560487718,-0.0739963744660248,-0.167233020070902,-0.1081565666238875
alloy_ys,primary,extra_trees,0,30,alloy_uts,-0.0036702557101305705,-0.009353078559335816,-0.005682822849205246,-0.007596320143662183
alloy_ys,mechanism_bundle,extra_trees,0,30,alloy_uts|alloy_hardness|alloy_elongation,0.051847944378395044,-0.026334227797009915,-0.07818217217540496,-0.0417846980721972
alloy_ys,all_five,extra_trees,0,30,alloy_uts|alloy_hardness|alloy_elongation|te_thermal|catalysis_h2,0.03411485666953068,-0.0387712181536424,-0.07288607482317308,-0.06718611122700047
alloy_ys,primary,ridge_alpha_10,1,30,alloy_uts,0.15246483519170712,0.18487239164345845,0.032407556451751335,-0.6931242488895804
alloy_ys,mechanism_bundle,ridge_alpha_10,1,30,alloy_uts|alloy_hardness|alloy_elongation,0.1978586517883833,0.21072037351215403,0.01286172172377073,-0.5874476382023355
alloy_ys,all_five,ridge_alpha_10,1,30,alloy_uts|alloy_hardness|alloy_elongation|te_thermal|catalysis_h2,0.19603588710261113,0.20608903574504736,0.010053148642436227,-0.6061319574640291
alloy_ys,primary,random_forest,1,30,alloy_uts,0.1506567747072356,0.05545950312307086,-0.09519727158416474,0.12422733819857557
alloy_ys,mechanism_bundle,random_forest,1,30,alloy_uts|alloy_hardness|alloy_elongation,0.2181978759069348,0.03853633051873564,-0.17966154538819915,0.0925640621019318
alloy_ys,all_five,random_forest,1,30,alloy_uts|alloy_hardness|alloy_elongation|te_thermal|catalysis_h2,0.19845891180746453,0.05099825111619135,-0.14746066069127317,0.11593490515583083
alloy_ys,primary,extra_trees,1,30,alloy_uts,0.12193169019203146,0.08203282399367948,-0.03989886619835198,0.0007509528769900076
alloy_ys,mechanism_bundle,extra_trees,1,30,alloy_uts|alloy_hardness|alloy_elongation,0.15361758528416142,0.10161948373883263,-0.05199810154532879,0.04293796848145237
alloy_ys,all_five,extra_trees,1,30,alloy_uts|alloy_hardness|alloy_elongation|te_thermal|catalysis_h2,0.15323721096686851,0.07074476223272508,-0.08249244873414344,-0.023975282817861432
alloy_ys,primary,ridge_alpha_10,2,30,alloy_uts,0.11872338612323174,0.08154206165373758,-0.03718132446949417,-0.6419652787010952
alloy_ys,mechanism_bundle,ridge_alpha_10,2,30,alloy_uts|alloy_hardness|alloy_elongation,0.15079754835268927,0.07937451038171559,-0.07142303797097369,-0.6497244659936183
alloy_ys,all_five,ridge_alpha_10,2,30,alloy_uts|alloy_hardness|alloy_elongation|te_thermal|catalysis_h2,0.1592889313392909,0.07718936546216693,-0.08209956587712397,-0.6575651466066372
alloy_ys,primary,random_forest,2,30,alloy_uts,0.16171540511629004,0.02708935823940297,-0.13462604687688706,0.02287289925197311
alloy_ys,mechanism_bundle,random_forest,2,30,alloy_uts|alloy_hardness|alloy_elongation,0.13981124792956165,0.024442463347905962,-0.11536878458165568,0.017548934587474974
alloy_ys,all_five,random_forest,2,30,alloy_uts|alloy_hardness|alloy_elongation|te_thermal|catalysis_h2,0.08715038188921014,0.04007686170144032,-0.047073520187769814,0.04878635508677287
alloy_ys,primary,extra_trees,2,30,alloy_uts,0.14866628331063883,0.02793658890570798,-0.12072969440493085,-0.1570352207925081
alloy_ys,mechanism_bundle,extra_trees,2,30,alloy_uts|alloy_hardness|alloy_elongation,0.20207390949315907,0.11654595639795041,-0.08552795309520865,0.044291800067127074
alloy_ys,all_five,extra_trees,2,30,alloy_uts|alloy_hardness|alloy_elongation|te_thermal|catalysis_h2,0.18795202168136158,0.14111727855887438,-0.0468347431224872,0.0967143344720941
catalysis_h2,primary,ridge_alpha_10,0,30,catalysis_voltage,-0.05677848669164898,0.0002803201487705227,0.0570588068404195,-3.2743873480916443
catalysis_h2,mechanism_bundle,ridge_alpha_10,0,30,catalysis_co|catalysis_voltage,0.2640897902609707,0.06204559229448582,-0.20204419796648487,-2.7625376120860574
catalysis_h2,all_five,ridge_alpha_10,0,30,catalysis_co|catalysis_voltage|te_zt|alloy_ys|electrolyte_conductivity,0.37512133828443106,0.3317267558223831,-0.04339458246204797,-0.9099655758804894
catalysis_h2,primary,random_forest,0,30,catalysis_voltage,-0.1791062257712035,-0.11269369861503009,0.0664125271561734,-2.156375522671432
catalysis_h2,mechanism_bundle,random_forest,0,30,catalysis_co|catalysis_voltage,-0.13210421124457156,-0.09374398184558407,0.03836022939898749,-2.0497817585923026
catalysis_h2,all_five,random_forest,0,30,catalysis_co|catalysis_voltage|te_zt|alloy_ys|electrolyte_conductivity,-0.0022754840957731463,0.10604596562341011,0.10832144971918325,-1.0373600550627362
catalysis_h2,primary,extra_trees,0,30,catalysis_voltage,-0.10912344438807693,-0.06286996521409745,0.046253479173979484,-2.8524584356561298
catalysis_h2,mechanism_bundle,extra_trees,0,30,catalysis_co|catalysis_voltage,0.04856461162210437,0.08666409843317788,0.03809948681107351,-1.8447149209531082
catalysis_h2,all_five,extra_trees,0,30,catalysis_co|catalysis_voltage|te_zt|alloy_ys|electrolyte_conductivity,0.08422812880445969,0.14829669974799564,0.06406857094353595,-1.4737417126564059
catalysis_h2,primary,ridge_alpha_10,1,30,catalysis_voltage,-0.08854534056662879,-0.10921166680265108,-0.020666326236022298,-0.866579600055408
catalysis_h2,mechanism_bundle,ridge_alpha_10,1,30,catalysis_co|catalysis_voltage,0.1306723267934904,-0.16597229574946856,-0.296644622542959,-1.062500773916192
catalysis_h2,all_five,ridge_alpha_10,1,30,catalysis_co|catalysis_voltage|te_zt|alloy_ys|electrolyte_conductivity,0.11623268866202827,0.021150402936522195,-0.09508228572550607,-0.45361565014837457
catalysis_h2,primary,random_forest,1,30,catalysis_voltage,-0.07091484505539508,-0.07482190250669393,-0.003907057451298851,-1.3624367728640832
catalysis_h2,mechanism_bundle,random_forest,1,30,catalysis_co|catalysis_voltage,0.12153992862512124,0.1172746925837188,-0.004265236041402443,-0.5934496095415738
catalysis_h2,all_five,random_forest,1,30,catalysis_co|catalysis_voltage|te_zt|alloy_ys|electrolyte_conductivity,0.0128038778494446,0.025324419735822,0.012520541886377402,-0.9427071968071992
catalysis_h2,primary,extra_trees,1,30,catalysis_voltage,0.015483107706148726,0.06989787215128442,0.05441476444513569,-1.4595935870231145
catalysis_h2,mechanism_bundle,extra_trees,1,30,catalysis_co|catalysis_voltage,0.07036726444568366,0.027166488748739143,-0.04320077569694451,-1.6907857611450234
catalysis_h2,all_five,extra_trees,1,30,catalysis_co|catalysis_voltage|te_zt|alloy_ys|electrolyte_conductivity,0.01881691041797874,0.040905281457868335,0.022088371039889594,-1.6153214459021572
catalysis_h2,primary,ridge_alpha_10,2,30,catalysis_voltage,-0.03358947680779647,-0.06565270088130645,-0.032063224073509984,-4.1065695838668175
catalysis_h2,mechanism_bundle,ridge_alpha_10,2,30,catalysis_co|catalysis_voltage,0.25001617263019216,-0.10629455604170616,-0.35631072867189834,-4.5035057517996515
catalysis_h2,all_five,ridge_alpha_10,2,30,catalysis_co|catalysis_voltage|te_zt|alloy_ys|electrolyte_conductivity,0.24687718337363773,-0.06871825657452406,-0.3155954399481618,-4.135991908804367
catalysis_h2,primary,random_forest,2,30,catalysis_voltage,-0.04477592811961683,-0.024043582495491635,0.020732345624125195,-5.5745440085499505
catalysis_h2,mechanism_bundle,random_forest,2,30,catalysis_co|catalysis_voltage,0.18531139687067952,0.10508814085574865,-0.08022325601493087,-4.02098914907743
catalysis_h2,all_five,random_forest,2,30,catalysis_co|catalysis_voltage|te_zt|alloy_ys|electrolyte_conductivity,0.1846234600135599,0.2643115510768006,0.0796880910632407,-2.3932560390972455
catalysis_h2,primary,extra_trees,2,30,catalysis_voltage,0.026633495703808165,0.012302582048696874,-0.01433091365511129,-5.526777571317905
catalysis_h2,mechanism_bundle,extra_trees,2,30,catalysis_co|catalysis_voltage,0.1587318237984428,0.05758680952743005,-0.10114501427101276,-4.942014233112839
catalysis_h2,all_five,extra_trees,2,30,catalysis_co|catalysis_voltage|te_zt|alloy_ys|electrolyte_conductivity,0.17855683203472886,0.12800582480475686,-0.050551007229971995,-4.087192168641842
electrolyte_conductivity,primary,ridge_alpha_10,0,30,te_electrical,-0.004387857437876635,0.01753554668307964,0.021923404120956277,-1.688666837836589
electrolyte_conductivity,mechanism_bundle,ridge_alpha_10,0,30,te_electrical|te_power_factor|te_thermal,0.09956371972756504,-0.007246912176419114,-0.10681063190398415,-1.8260197187781024
electrolyte_conductivity,all_five,ridge_alpha_10,0,30,te_electrical|te_power_factor|te_thermal|alloy_ys|catalysis_h2,0.08795542224016054,-0.08328309975973197,-0.1712385219998925,-2.268791606071605
electrolyte_conductivity,primary,random_forest,0,30,te_electrical,0.16485455465097199,0.11183792098465438,-0.053016633666317606,-0.08359508733275356
electrolyte_conductivity,mechanism_bundle,random_forest,0,30,te_electrical|te_power_factor|te_thermal,0.19978415175143094,0.14907869356879164,-0.0507054581826393,0.005370420551730093
electrolyte_conductivity,all_five,random_forest,0,30,te_electrical|te_power_factor|te_thermal|alloy_ys|catalysis_h2,0.2877658709238114,0.05293980905824159,-0.2348260618655698,-0.2320766802002312
electrolyte_conductivity,primary,extra_trees,0,30,te_electrical,0.13928569920182055,0.17838432328295523,0.03909862408113468,0.1041596417475632
electrolyte_conductivity,mechanism_bundle,extra_trees,0,30,te_electrical|te_power_factor|te_thermal,0.20729903938932354,0.21281730647130265,0.005518267081979111,0.17767354081267606
electrolyte_conductivity,all_five,extra_trees,0,30,te_electrical|te_power_factor|te_thermal|alloy_ys|catalysis_h2,0.19517123730987532,0.15045464380763635,-0.04471659350223897,0.04221875168239719
electrolyte_conductivity,primary,ridge_alpha_10,1,30,te_electrical,0.013018987176665324,0.00929932643996814,-0.003719660736697184,-0.5323723129870546
electrolyte_conductivity,mechanism_bundle,ridge_alpha_10,1,30,te_electrical|te_power_factor|te_thermal,-0.02069260895648475,0.09472087119205747,0.11541348014854222,-0.27951209533617316
electrolyte_conductivity,all_five,ridge_alpha_10,1,30,te_electrical|te_power_factor|te_thermal|alloy_ys|catalysis_h2,-0.009289464125170361,0.10032581544373398,0.10961527956890434,-0.26371720371322227
electrolyte_conductivity,primary,random_forest,1,30,te_electrical,0.00766817882090269,0.007492215306157833,-0.00017596351474485732,0.1511524103039874
electrolyte_conductivity,mechanism_bundle,random_forest,1,30,te_electrical|te_power_factor|te_thermal,-0.06628692427995173,0.013013087406937216,0.07930001168688894,0.16056965608090756
electrolyte_conductivity,all_five,random_forest,1,30,te_electrical|te_power_factor|te_thermal|alloy_ys|catalysis_h2,-0.041146321146174634,0.08985559958039716,0.1310019207265718,0.2861902444247456
electrolyte_conductivity,primary,extra_trees,1,30,te_electrical,-0.014412695995267054,0.0232387856375695,0.037651481632836555,0.12935512356077516
electrolyte_conductivity,mechanism_bundle,extra_trees,1,30,te_electrical|te_power_factor|te_thermal,0.007901927272976202,0.07891443657416794,0.07101250930119174,0.22578035424605503
electrolyte_conductivity,all_five,extra_trees,1,30,te_electrical|te_power_factor|te_thermal|alloy_ys|catalysis_h2,0.021265917937570447,0.018266167094459638,-0.0029997508431108093,0.12046778225147725
electrolyte_conductivity,primary,ridge_alpha_10,2,30,te_electrical,-0.01026477407478013,-0.01813351648438512,-0.00786874240960499,-46.61337384559155
electrolyte_conductivity,mechanism_bundle,ridge_alpha_10,2,30,te_electrical|te_power_factor|te_thermal,0.005532851030504148,-0.004638556368213717,-0.010171407398717865,-45.35954562146436
electrolyte_conductivity,all_five,ridge_alpha_10,2,30,te_electrical|te_power_factor|te_thermal|alloy_ys|catalysis_h2,0.10039442702552111,0.13213705215068397,0.03174262512516286,-33.59567286557854
electrolyte_conductivity,primary,random_forest,2,30,te_electrical,0.001933773748005278,-0.04642587662862965,-0.04835965037663493,-0.2098067829662289
electrolyte_conductivity,mechanism_bundle,random_forest,2,30,te_electrical|te_power_factor|te_thermal,-0.016120761435118723,-0.14104429249691253,-0.1249235310617938,-0.4384808341516715
electrolyte_conductivity,all_five,random_forest,2,30,te_electrical|te_power_factor|te_thermal|alloy_ys|catalysis_h2,0.08955082389764255,-0.15512861495623562,-0.24467943885387816,-0.4742113776204786
electrolyte_conductivity,primary,extra_trees,2,30,te_electrical,-0.0453312354084952,-0.024049255228823306,0.021281980179671894,0.40539920081937375
electrolyte_conductivity,mechanism_bundle,extra_trees,2,30,te_electrical|te_power_factor|te_thermal,-0.06902161140506714,0.03406970383689211,0.10309131524195925,0.47097600342272505
electrolyte_conductivity,all_five,extra_trees,2,30,te_electrical|te_power_factor|te_thermal|alloy_ys|catalysis_h2,-0.14468394572953838,-0.5533241550968729,-0.4086402093673346,-0.368068956239173
solubility,primary,ridge_alpha_10,0,30,hydration,0.0023753461602275096,0.004048334184737486,0.0016729880245099768,-0.21080350159027028
solubility,mechanism_bundle,ridge_alpha_10,0,30,hydration|pka_acid|pka_base,-0.0004648096596096089,0.0046790963570774915,0.005143906016687101,-0.20927032035591808
solubility,all_five,ridge_alpha_10,0,30,hydration|pka_acid|pka_base|photo_e_pipi|polymer_tg,-0.0035284610591882416,0.002632422283176689,0.0061608833423649305,-0.21424866824664934
solubility,primary,random_forest,0,30,hydration,0.04205393352258588,0.04172738748977254,-0.0003265460328133393,-0.08859076174859726
solubility,mechanism_bundle,random_forest,0,30,hydration|pka_acid|pka_base,-0.015065628109925032,0.01795565359391373,0.033021281703838765,-0.1432696948087937
solubility,all_five,random_forest,0,30,hydration|pka_acid|pka_base|photo_e_pipi|polymer_tg,-0.049148996995932066,-0.024113405953030777,0.02503559104290129,-0.24331906887189914
solubility,primary,extra_trees,0,30,hydration,0.03428090223173203,0.016872663888459427,-0.017408238343272604,-0.43058994886933744
solubility,mechanism_bundle,extra_trees,0,30,hydration|pka_acid|pka_base,0.020618140993405962,0.011275090090602005,-0.009343050902803957,-0.4469268553506027
solubility,all_five,extra_trees,0,30,hydration|pka_acid|pka_base|photo_e_pipi|polymer_tg,0.05146890543638674,0.03604315248927281,-0.01542575294711393,-0.37534233363113545
solubility,primary,ridge_alpha_10,1,30,hydration,0.000994072130871841,0.0008640917120576067,-0.0001299804188142344,0.011544957968768976
solubility,mechanism_bundle,ridge_alpha_10,1,30,hydration|pka_acid|pka_base,0.00022173908275818058,0.0010925576767878999,0.0008708185940297193,0.011996953565249324
solubility,all_five,ridge_alpha_10,1,30,hydration|pka_acid|pka_base|photo_e_pipi|polymer_tg,0.0008472659605970631,0.00399052691193826,0.0031432609513411965,0.017721306068179343
solubility,primary,random_forest,1,30,hydration,0.0010730407707772124,0.028560609056551875,0.02748756828577466,0.04383447267905605
solubility,mechanism_bundle,random_forest,1,30,hydration|pka_acid|pka_base,-0.053274919902089254,0.003568031521412083,0.056842951423501334,-0.005997653286349269
solubility,all_five,random_forest,1,30,hydration|pka_acid|pka_base|photo_e_pipi|polymer_tg,-0.04516933032164105,0.011142389104355721,0.05631171942599677,0.00923835954508978
solubility,primary,extra_trees,1,30,hydration,0.0064619171803279645,-0.00455730349098719,-0.011019220671315154,-0.51878908517982
solubility,mechanism_bundle,extra_trees,1,30,hydration|pka_acid|pka_base,-0.002141579225378516,0.0421512030983225,0.04429278232370102,-0.3808355279570188
solubility,all_five,extra_trees,1,30,hydration|pka_acid|pka_base|photo_e_pipi|polymer_tg,-0.01967752496790372,0.04171990791975464,0.061397432887658365,-0.382079318809172
solubility,primary,ridge_alpha_10,2,30,hydration,0.005154500841400891,-0.0013755281199644143,-0.006530028961365305,-0.49546495546594804
solubility,mechanism_bundle,ridge_alpha_10,2,30,hydration|pka_acid|pka_base,0.000112892579816467,-0.0013604874483756342,-0.0014733800281921013,-0.4954200320027413
solubility,all_five,ridge_alpha_10,2,30,hydration|pka_acid|pka_base|photo_e_pipi|polymer_tg,-0.0036985184087558725,-0.014629968487975199,-0.010931450079219326,-0.5353156046062808
solubility,primary,random_forest,2,30,hydration,0.02978838487763339,0.02509169987190804,-0.00469668500572535,-0.6563903178515575
solubility,mechanism_bundle,random_forest,2,30,hydration|pka_acid|pka_base,0.002832822972964289,0.012764120596060096,0.009931297623095806,-0.6985448106232783
solubility,all_five,random_forest,2,30,hydration|pka_acid|pka_base|photo_e_pipi|polymer_tg,0.0051192211389719175,0.03480870772492004,0.029689486585948124,-0.6235360551351223
solubility,primary,extra_trees,2,30,hydration,0.007211933987323862,-0.0022845904995870145,-0.009496524486910875,-0.7579846465613351
solubility,mechanism_bundle,extra_trees,2,30,hydration|pka_acid|pka_base,-0.02302656831282731,-0.03492624058342801,-0.011899672270600702,-0.8743546513997502
solubility,all_five,extra_trees,2,30,hydration|pka_acid|pka_base|photo_e_pipi|polymer_tg,-0.020987514221419003,-0.018252102443546542,0.002735411777872461,-0.8144441380577137
hydration,primary,ridge_alpha_10,0,30,solubility,0.026358257179583858,-0.000651654125820673,-0.02700991130540453,-0.120388649617851
hydration,mechanism_bundle,ridge_alpha_10,0,30,solubility|pka_acid|pka_base,0.027515660752358853,0.0008461517846287061,-0.026669508967730148,-0.11703709605704771
hydration,all_five,ridge_alpha_10,0,30,solubility|pka_acid|pka_base|photo_e_pipi|polymer_tg,0.018761138423816544,0.0381182413001506,0.01935710287633406,-0.03525239228336674
hydration,primary,random_forest,0,30,solubility,0.03769769361158376,-0.04143582434324462,-0.07913351795482838,-0.18097805419644875
hydration,mechanism_bundle,random_forest,0,30,solubility|pka_acid|pka_base,0.0649461388765263,-0.05573068092601614,-0.12067681980254244,-0.21362101299494052
hydration,all_five,random_forest,0,30,solubility|pka_acid|pka_base|photo_e_pipi|polymer_tg,0.03971711336453155,0.00969729351571172,-0.03001981984881983,-0.06785610152592869
hydration,primary,extra_trees,0,30,solubility,0.043490111180306636,-0.005064236166590012,-0.04855434734689665,-0.03512471144201679
hydration,mechanism_bundle,extra_trees,0,30,solubility|pka_acid|pka_base,0.07410290114817603,-0.00025053692511015237,-0.07435343807328618,-0.025233111506527406
hydration,all_five,extra_trees,0,30,solubility|pka_acid|pka_base|photo_e_pipi|polymer_tg,0.0564798110255608,0.00018872815159677315,-0.056291082873964025,-0.024332836628973453
hydration,primary,ridge_alpha_10,1,30,solubility,0.04741240566040867,-0.0003554852207041708,-0.04776789088111284,-0.16061668065169687
hydration,mechanism_bundle,ridge_alpha_10,1,30,solubility|pka_acid|pka_base,0.04779956456932633,0.0027704276985202995,-0.045029136870806036,-0.15337461848551004
hydration,all_five,ridge_alpha_10,1,30,solubility|pka_acid|pka_base|photo_e_pipi|polymer_tg,0.042068824335168606,0.0077786410251153145,-0.03429018331005329,-0.1418189215354244
hydration,primary,random_forest,1,30,solubility,0.16727426242377752,0.0003937639784789485,-0.16688049844529856,-0.21697752637687118
hydration,mechanism_bundle,random_forest,1,30,solubility|pka_acid|pka_base,0.1089599385894904,0.046712026657151684,-0.06224791193233871,-0.10680948618477681
hydration,all_five,random_forest,1,30,solubility|pka_acid|pka_base|photo_e_pipi|polymer_tg,0.17574428419576582,0.13291789050042657,-0.04282639369533925,0.08431711740662151
hydration,primary,extra_trees,1,30,solubility,0.048748485587066216,0.007035866233306394,-0.04171261935375982,-0.3956117995880237
hydration,mechanism_bundle,extra_trees,1,30,solubility|pka_acid|pka_base,0.10471072573165394,0.02660504351453679,-0.07810568221711714,-0.34114486839493785
hydration,all_five,extra_trees,1,30,solubility|pka_acid|pka_base|photo_e_pipi|polymer_tg,0.07344632138983984,0.04827965434320666,-0.025166667046633173,-0.28208322006871356
hydration,primary,ridge_alpha_10,2,30,solubility,0.0299040999689152,-0.01029529684807189,-0.04019939681698709,-0.08654298329690091
hydration,mechanism_bundle,ridge_alpha_10,2,30,solubility|pka_acid|pka_base,0.02310260938909099,0.0015657614102456753,-0.021536847978845315,-0.06118030264801644
hydration,all_five,ridge_alpha_10,2,30,solubility|pka_acid|pka_base|photo_e_pipi|polymer_tg,0.013255091275779372,0.009506405162477898,-0.0037486861133014734,-0.044368085653888834
hydration,primary,random_forest,2,30,solubility,0.013680563949526926,-0.061055634810711294,-0.07473619876023822,-0.5177690433791544
hydration,mechanism_bundle,random_forest,2,30,solubility|pka_acid|pka_base,0.09509963834612951,-0.026385507677591402,-0.12148514602372092,-0.42020291948582966
hydration,all_five,random_forest,2,30,solubility|pka_acid|pka_base|photo_e_pipi|polymer_tg,0.08814495112598975,-0.003531781464888617,-0.09167673259087836,-0.3576619309780886
hydration,primary,extra_trees,2,30,solubility,-0.005174544932312669,-0.024633393278399324,-0.019458848346086657,-0.38838557246787064
hydration,mechanism_bundle,extra_trees,2,30,solubility|pka_acid|pka_base,0.010845922398764326,-0.03027731134781481,-0.041123233746579134,-0.4037227956000393
hydration,all_five,extra_trees,2,30,solubility|pka_acid|pka_base|photo_e_pipi|polymer_tg,-0.006844010407143095,0.0014654034381110892,0.008309413845254184,-0.3185582305155059
polymer_tensile,primary,ridge_alpha_10,0,15,polymer_young,0.02282658426509158,0.015085975655267312,-0.007740608609824269,-0.30164225462757455
polymer_tensile,mechanism_bundle,ridge_alpha_10,0,15,polymer_young|polymer_hardness|polymer_elongation|polymer_tg,0.03764245738019697,0.0779986625382663,0.040356205158069335,-0.14066495185957129
polymer_tensile,all_five,ridge_alpha_10,0,15,polymer_young|polymer_hardness|polymer_elongation|polymer_tg|photo_e_pipi,0.036404641166521735,0.07857801242018997,0.04217337125366823,-0.13923190300393684
polymer_tensile,primary,random_forest,0,15,polymer_young,0.10737897292602296,0.07884838220586171,-0.028530590720161245,-0.15548840257197494
polymer_tensile,mechanism_bundle,random_forest,0,15,polymer_young|polymer_hardness|polymer_elongation|polymer_tg,0.08657932968159476,0.27703979027626574,0.19046046059467098,0.28824235098192585
polymer_tensile,all_five,random_forest,0,15,polymer_young|polymer_hardness|polymer_elongation|polymer_tg|photo_e_pipi,0.06342150589095971,0.25826610960514645,0.19484460371418674,0.25079684431978866
polymer_tensile,primary,extra_trees,0,15,polymer_young,0.11340872808546043,0.21802027961821596,0.10461155153275553,-0.1714699669604376
polymer_tensile,mechanism_bundle,extra_trees,0,15,polymer_young|polymer_hardness|polymer_elongation|polymer_tg,0.1622763798784626,0.31255156258133754,0.15027518270287493,0.09464180583212722
polymer_tensile,all_five,extra_trees,0,15,polymer_young|polymer_hardness|polymer_elongation|polymer_tg|photo_e_pipi,0.13486881768628445,0.321770672075347,0.18690185438906254,0.11876181064385749
polymer_tensile,primary,ridge_alpha_10,1,15,polymer_young,0.018947936437267186,-0.022867369822409805,-0.04181530625967699,-0.04504219952939126
polymer_tensile,mechanism_bundle,ridge_alpha_10,1,15,polymer_young|polymer_hardness|polymer_elongation|polymer_tg,0.039154770039008434,-0.005290769312270246,-0.04444553935127868,-0.009435487227831274
polymer_tensile,all_five,ridge_alpha_10,1,15,polymer_young|polymer_hardness|polymer_elongation|polymer_tg|photo_e_pipi,0.035856728581077656,-0.016930911232049994,-0.052787639813127646,-0.032947088955542325
polymer_tensile,primary,random_forest,1,15,polymer_young,0.2069361605119743,-0.1502728288324677,-0.357208989344442,-0.6472649027557509
polymer_tensile,mechanism_bundle,random_forest,1,15,polymer_young|polymer_hardness|polymer_elongation|polymer_tg,0.280453447895739,0.008006664241014198,-0.2724467836547248,-0.22512169878820143
polymer_tensile,all_five,random_forest,1,15,polymer_young|polymer_hardness|polymer_elongation|polymer_tg|photo_e_pipi,0.27890038405975265,0.012087093038957563,-0.2668132910207951,-0.21506368673344012
polymer_tensile,primary,extra_trees,1,15,polymer_young,0.05775484577385464,0.04816566961978548,-0.009589176154069158,-0.45107409162699574
polymer_tensile,mechanism_bundle,extra_trees,1,15,polymer_young|polymer_hardness|polymer_elongation|polymer_tg,0.18200336724303967,0.23693049204457178,0.05492712480153211,0.06740075863703388
polymer_tensile,all_five,extra_trees,1,15,polymer_young|polymer_hardness|polymer_elongation|polymer_tg|photo_e_pipi,0.15267863325210687,0.19471666235219623,0.04203802910008936,-0.03863818400143115
polymer_tensile,primary,ridge_alpha_10,2,15,polymer_young,-0.0018593776025708272,0.003263290898518866,0.005122668501089693,-0.03904406431001739
polymer_tensile,mechanism_bundle,ridge_alpha_10,2,15,polymer_young|polymer_hardness|polymer_elongation|polymer_tg,0.0627084348883813,0.04218781451023861,-0.020520620378142694,0.04052475325733307
polymer_tensile,all_five,ridge_alpha_10,2,15,polymer_young|polymer_hardness|polymer_elongation|polymer_tg|photo_e_pipi,0.053429389663670994,0.02855207567614523,-0.024877313987525764,0.013011463725278949
polymer_tensile,primary,random_forest,2,15,polymer_young,-0.1104809690976147,-0.022619510388886294,0.08786145870872841,-0.2932106641748833
polymer_tensile,mechanism_bundle,random_forest,2,15,polymer_young|polymer_hardness|polymer_elongation|polymer_tg,-0.33762129137015356,0.21120519374093125,0.5488264851110848,0.23056982635738243
polymer_tensile,all_five,random_forest,2,15,polymer_young|polymer_hardness|polymer_elongation|polymer_tg|photo_e_pipi,-0.24179317136302267,0.1111074541763266,0.35290062553934926,0.022898551325799987
polymer_tensile,primary,extra_trees,2,15,polymer_young,0.09492424295026052,0.033322832577974075,-0.06160141037228644,-0.22459189670114577
polymer_tensile,mechanism_bundle,extra_trees,2,15,polymer_young|polymer_hardness|polymer_elongation|polymer_tg,0.34441459291058113,0.2011971741697657,-0.14321741874081542,0.16380484905581305
polymer_tensile,all_five,extra_trees,2,15,polymer_young|polymer_hardness|polymer_elongation|polymer_tg|photo_e_pipi,0.40178385240770115,0.21091431692140147,-0.19086953548629967,0.18402512361793988
polymer_tm,primary,ridge_alpha_10,0,15,polymer_crystallization,-0.001538876084738563,-0.0033605214367105935,-0.0018216453519720305,-0.4731930536839608
polymer_tm,mechanism_bundle,ridge_alpha_10,0,15,polymer_tg|polymer_crystallization|polymer_td|polymer_tensile,-0.007808791099193531,-0.08016243938170993,-0.07235364828251639,-0.707354828221207
polymer_tm,all_five,ridge_alpha_10,0,15,polymer_tg|polymer_crystallization|polymer_td|polymer_tensile|photo_e_pipi,-0.004651802677002685,-0.08522335710196483,-0.08057155442496214,-0.723391350966982
polymer_tm,primary,random_forest,0,15,polymer_crystallization,-0.044237640724970176,-0.11873633175752406,-0.07449869103255388,-0.9634831269126409
polymer_tm,mechanism_bundle,random_forest,0,15,polymer_tg|polymer_crystallization|polymer_td|polymer_tensile,0.012321263265808492,-0.14133502454511393,-0.15365628781092242,-1.0436098087449883
polymer_tm,all_five,random_forest,0,15,polymer_tg|polymer_crystallization|polymer_td|polymer_tensile|photo_e_pipi,0.038391730404418414,-0.16790015164404049,-0.20629188204845889,-1.1398489527166813
polymer_tm,primary,extra_trees,0,15,polymer_crystallization,-0.02871328067160138,0.007809490753416024,0.036522771425017406,-0.6471390317721923
polymer_tm,mechanism_bundle,extra_trees,0,15,polymer_tg|polymer_crystallization|polymer_td|polymer_tensile,-0.03567639100233863,0.03024465072585179,0.06592104172819042,-0.573491819774097
polymer_tm,all_five,extra_trees,0,15,polymer_tg|polymer_crystallization|polymer_td|polymer_tensile|photo_e_pipi,-0.04210378519319679,-0.03865901898279411,0.0034447662104026763,-0.805037025841626
polymer_tm,primary,ridge_alpha_10,1,15,polymer_crystallization,-0.0036973068986880437,0.004853945326251328,0.008551252224939371,-1.5960329361320986
polymer_tm,mechanism_bundle,ridge_alpha_10,1,15,polymer_tg|polymer_crystallization|polymer_td|polymer_tensile,0.014602137292822103,-0.018607065101675518,-0.03320920239449762,-1.7198810753410299
polymer_tm,all_five,ridge_alpha_10,1,15,polymer_tg|polymer_crystallization|polymer_td|polymer_tensile|photo_e_pipi,0.0340507814000706,-0.03012650839490336,-0.06417728979497396,-1.7817472869418856
polymer_tm,primary,random_forest,1,15,polymer_crystallization,0.05976008981272158,0.03358928661830473,-0.02617080319441685,-1.167690077376411
polymer_tm,mechanism_bundle,random_forest,1,15,polymer_tg|polymer_crystallization|polymer_td|polymer_tensile,0.0639731493984738,-0.11746291034680319,-0.181436059745277,-1.8982774168792833
polymer_tm,all_five,random_forest,1,15,polymer_tg|polymer_crystallization|polymer_td|polymer_tensile|photo_e_pipi,0.22313541282441676,-0.10277519701947724,-0.325910609843894,-1.8225893422035782
polymer_tm,primary,extra_trees,1,15,polymer_crystallization,0.16200905298448304,0.15335057301152263,-0.008658479972960403,-1.6629152621471635
polymer_tm,mechanism_bundle,extra_trees,1,15,polymer_tg|polymer_crystallization|polymer_td|polymer_tensile,0.243705272348704,0.13643793004616744,-0.10726734230253657,-1.7703664971968598
polymer_tm,all_five,extra_trees,1,15,polymer_tg|polymer_crystallization|polymer_td|polymer_tensile|photo_e_pipi,0.3770343188749272,0.126189186029947,-0.2508451328449802,-1.836514051886796
polymer_tm,primary,ridge_alpha_10,2,15,polymer_crystallization,-0.0029155585703321972,-0.00036720874541182113,0.002548349824920376,-0.6960292770180929
polymer_tm,mechanism_bundle,ridge_alpha_10,2,15,polymer_tg|polymer_crystallization|polymer_td|polymer_tensile,-0.004528806510149237,-0.04508618796165263,-0.040557381451503394,-0.8510521996926028
polymer_tm,all_five,ridge_alpha_10,2,15,polymer_tg|polymer_crystallization|polymer_td|polymer_tensile|photo_e_pipi,-0.0005780323685320742,-0.050202166429136406,-0.049624134060604334,-0.8692193561757366
polymer_tm,primary,random_forest,2,15,polymer_crystallization,-0.2789833193280851,-0.18438000076251793,0.0946033185655672,-1.066120479494192
polymer_tm,mechanism_bundle,random_forest,2,15,polymer_tg|polymer_crystallization|polymer_td|polymer_tensile,-0.24483988724187739,-0.2697440003869933,-0.024904113145115925,-1.3746841342238025
polymer_tm,all_five,random_forest,2,15,polymer_tg|polymer_crystallization|polymer_td|polymer_tensile|photo_e_pipi,-0.2547600766586104,-0.23634894851104538,0.018411128147565015,-1.2514154362483252
polymer_tm,primary,extra_trees,2,15,polymer_crystallization,0.06431564150252647,0.024150376134062707,-0.040165265368463765,-1.2917618518503753
polymer_tm,mechanism_bundle,extra_trees,2,15,polymer_tg|polymer_crystallization|polymer_td|polymer_tensile,0.033468991028221436,-0.04916313365013536,-0.08263212467835679,-1.6490474106491226
polymer_tm,all_five,extra_trees,2,15,polymer_tg|polymer_crystallization|polymer_td|polymer_tensile|photo_e_pipi,0.11061213333532051,0.009492622583650164,-0.10111951075167035,-1.3611257468368656
