material_key,Thermoelectric ZT,Alloy yield strength,CO2R H2 Faradaic efficiency
Ag:0.01859504132|La:0.117768595|Li:0.03719008264|O:0.6198347107|Ti:0.2066115702,0.08887688579301399,508.3738035714285,39.61609381700625
Ag:0.02789256198|La:0.117768595|Li:0.02789256198|O:0.6198347107|Ti:0.2066115702,0.0883891011238939,508.3738035714285,39.394891980110096
Ag:0.03719008264|La:0.117768595|Li:0.01859504132|O:0.6198347107|Ti:0.2066115702,0.08853476410795043,509.8668244047618,39.275803614831126
Al:0.002044989775|F:0.002044989775|La:0.1145194274|Li:0.06748466258|O:0.6114519427|Ti:0.2024539877,0.09106749019609899,510.09724107142847,39.34225113241749
Al:0.002770083102|Li:0.05817174515|O:0.6648199446|P:0.1662049861|Ti:0.108033241,0.039567294540296796,623.0694740079368,42.76687123861377
Al:0.00408997955|F:0.00408997955|La:0.1145194274|Li:0.06748466258|O:0.609406953|Ti:0.200408998,0.08748145314391226,508.9444632936507,39.34225113241749
Al:0.005464480874|Li:0.07103825137|O:0.6557377049|P:0.1639344262|Sc:0.01092896175|Ti:0.09289617486,0.045420845672082454,606.1280990079368,42.66337779421951
Al:0.005464480874|Li:0.07103825137|O:0.6557377049|P:0.1639344262|Ti:0.09289617486|Y:0.01092896175,0.05910691112420093,555.0477182539684,42.41083763504279
Al:0.005524861878|Ge:0.1049723757|Li:0.06077348066|O:0.6629834254|P:0.1657458564,0.07066173139110012,483.6579325396825,43.952352863105375
Al:0.005524861878|Li:0.06077348066|O:0.6629834254|P:0.1657458564|Ti:0.1049723757,0.04038995982786859,621.3257240079369,42.76687123861377
Al:0.006134969325|F:0.006134969325|La:0.1145194274|Li:0.06748466258|O:0.6073619632|Ti:0.1983640082,0.08936663535651784,510.51974107142854,39.34225113241749
Al:0.006239600666|La:0.1247920133|Li:0.2911813644|O:0.4991680532|Zr:0.07861896839,0.04129280179098716,490.50212301587294,40.939202335472146
Al:0.008123129543|La:0.1282599401|Li:0.2736212056|O:0.5044890979|Zr:0.08550662676,0.03838041003151438,498.79407242063473,40.939202335472146
Al:0.0081799591|F:0.0081799591|La:0.1145194274|Li:0.06748466258|O:0.6053169734|Ti:0.1963190184,0.08422090439831637,513.8419632936508,39.549210675061175
Al:0.008196721311|Li:0.07103825137|O:0.6557377049|P:0.1639344262|Sc:0.008196721311|Ti:0.09289617486,0.045409629215747496,609.746561309524,42.66337779421951
Al:0.008196721311|Li:0.07103825137|O:0.6557377049|P:0.1639344262|Ti:0.09289617486|Y:0.008196721311,0.059139630152111086,568.5746999007937,42.41083763504279
Al:0.008474576271|La:0.1271186441|Li:0.2711864407|O:0.5084745763|Zr:0.08474576271,0.037725110737311794,499.6482390873014,40.939202335472146
Al:0.008547008547|La:0.1282051282|Li:0.264957265|O:0.5128205128|Ta:0.008547008547|Zr:0.07692307692,0.040125595877801366,495.32435019841245,42.14554732764903
Al:0.008565310493|La:0.1284796574|Li:0.2633832976|O:0.5139186296|Ta:0.01070663812|Zr:0.07494646681,0.04321619130620493,495.32435019841245,42.14554732764903
Al:0.01021276596|La:0.1276595745|Li:0.2663829787|O:0.5106382979|Zr:0.08510638298,0.038408714974910364,498.60518353174587,40.939202335472146
Al:0.01022494888|F:0.01022494888|La:0.1145194274|Li:0.06748466258|O:0.6032719836|Ti:0.1942740286,0.08269914734250651,513.4582827380952,39.73697908585719
Al:0.01092896175|Li:0.07103825137|O:0.6557377049|P:0.1639344262|Sc:0.005464480874|Ti:0.09289617486,0.044592540398189114,607.6639224206352,42.66337779421951
Al:0.01092896175|Li:0.07103825137|O:0.6557377049|P:0.1639344262|Ti:0.09289617486|Y:0.005464480874,0.05904727614434649,585.3777172619049,42.41083763504279
Al:0.01098901099|Ge:0.0989010989|Li:0.06593406593|O:0.6593406593|P:0.1648351648,0.07002624584442127,482.1384632936508,43.34766271474073
Al:0.01098901099|Li:0.06593406593|O:0.6593406593|P:0.1648351648|Ti:0.0989010989,0.03940175267750268,619.108883730159,42.76687123861377
Al:0.01143862736|La:0.1319841619|Li:0.251649802|O:0.5279366476|W:0.01099868016|Zr:0.06599208095,0.038278472789795424,502.6392113095236,41.62807008102003
Al:0.01226993865|F:0.01226993865|La:0.1145194274|Li:0.06748466258|O:0.6012269939|Ti:0.1922290389,0.07896777305755358,513.4582827380952,39.73697908585719
Al:0.01431492843|F:0.01431492843|La:0.1145194274|Li:0.06748466258|O:0.5991820041|Ti:0.1901840491,0.08443578604969594,511.97279662698406,39.72063658723622
Al:0.01612903226|Li:0.09139784946|O:0.6451612903|P:0.1612903226|Ti:0.08602150538,0.04501053166421465,600.9056287698417,42.60753865702125
Al:0.0163599182|F:0.0163599182|La:0.1145194274|Li:0.06748466258|O:0.5971370143|Ti:0.1881390593,0.08672977114626086,513.5380744047618,39.72063658723622
Al:0.01639344262|Ge:0.09289617486|Li:0.07103825137|O:0.6557377049|P:0.1639344262,0.07226850824522649,482.1384632936508,43.18434193471999
Al:0.01639344262|Li:0.07103825137|O:0.6557377049|P:0.1639344262|Ti:0.09289617486,0.04238502600507787,601.1510156746036,42.66337779421951
Al:0.02173913043|Ge:0.08695652174|Li:0.07608695652|O:0.652173913|P:0.1630434783,0.07316113545789886,489.4827787698413,43.2377527905169
Al:0.02173913043|Li:0.07608695652|O:0.652173913|P:0.1630434783|Ti:0.08695652174,0.04304305045968618,610.5644799603177,42.66337779421951
Al:0.02173913043|Li:0.2391304348|Nd:0.1304347826|O:0.5217391304|Zr:0.08695652174,0.03332307791856108,493.80177083333314,40.421725088843154
Al:0.02173913043|Li:0.4565217391|S:0.4347826087|Si:0.08695652174,0.20917800967129044,493.9428472222223,43.389345196854876
Al:0.02702702703|Ge:0.08108108108|Li:0.08108108108|O:0.6486486486|P:0.1621621622,0.07193505577853285,488.80996130952377,43.24451380422237
Al:0.02702702703|Li:0.08108108108|O:0.6486486486|P:0.1621621622|Ti:0.08108108108,0.04312070515815996,617.1888271825399,42.64727009510208
Al:0.02702702703|Li:0.4594594595|O:0.4324324324|Si:0.08108108108,0.06659006762349913,404.45043538059156,43.46960842279356
Al:0.02|La:0.11|Li:0.09|O:0.6|Ti:0.18,0.07992964015508085,505.742935515873,39.56315841642824
Al:0.03225806452|Ge:0.04301075269|Li:0.08602150538|O:0.6451612903|P:0.1612903226|Ti:0.03225806452,0.07750483255399285,533.5449325396827,42.62594107878717
Al:0.03225806452|Ge:0.0752688172|Li:0.08602150538|O:0.6451612903|P:0.1612903226,0.07385627742821874,503.80790773809525,43.27781005324643
Al:0.03225806452|Li:0.08602150538|O:0.6451612903|P:0.1612903226|Ti:0.0752688172,0.044474838014947386,576.9241445436511,42.60753865702125
Al:0.03670745273|Li:0.4449388209|O:0.4449388209|P:0.03670745273|Si:0.03670745273,0.07008170376065848,397.29278025793644,43.3661149783993
Al:0.03743315508|Ge:0.06951871658|Li:0.09090909091|O:0.6417112299|P:0.1604278075,0.07427985036654719,500.9425744047619,43.27781005324643
Al:0.04255319149|Ge:0.06382978723|Li:0.09574468085|O:0.6382978723|P:0.1595744681,0.07502658097468144,504.77667162698424,42.7921067398142
Al:0.04255319149|Ge:0.06382978723|Li:0.4680851064|S:0.4255319149,0.2536545326451512,469.5389047619047,45.453551228948236
Al:0.04255319149|Li:0.4680851064|S:0.4255319149|Si:0.06382978723,0.20075881016354272,493.0908630952382,43.389345196854876
Al:0.04255319149|Li:0.4680851064|S:0.4255319149|Sn:0.06382978723,0.2726226278768845,466.2090039682538,40.12457358972338
Al:0.04|La:0.12|Li:0.08|O:0.6|Ti:0.16,0.08550009369707652,515.0878660714284,39.69812730308152
Al:0.05555555556|Li:0.05555555556|O:0.6666666667|P:0.1666666667|Sb:0.05555555556,0.08313534021395978,483.13866666666667,38.82257720086734
Al:0.05555555556|Li:0.05555555556|O:0.6666666667|P:0.1666666667|Ta:0.05555555556,0.06875179224170104,475.66358234126983,40.117320384573404
Al:0.05|Li:0.1|O:0.6|P:0.15|Sr:0.1,0.0649607064376405,493.97388988095247,45.38389607397748
Al:0.06043956044|Li:0.06593406593|O:0.6593406593|P:0.1648351648|Ta:0.04945054945,0.06740693012516426,465.2786517857142,40.09153487143314
Al:0.0625|Li:0.4791666667|S:0.4166666667|Si:0.04166666667,0.198875745417996,482.05449404761913,43.389345196854876
Al:0.06|La:0.13|Li:0.07|O:0.6|Ti:0.14,0.07954299001623495,531.0341210317459,39.476925466185364
Al:0.07142857143|Ga:0.07142857143|Ge:0.1428571429|Li:0.1428571429|O:0.5714285714,0.06320678177886266,484.18499107142867,46.240078363566376
Al:0.08163265306|Li:0.4897959184|S:0.4081632653|Si:0.02040816327,0.17670627832894137,477.6954315476191,43.389345196854876
Al:0.08|La:0.14|Li:0.06|O:0.6|Ti:0.12,0.07899948232352684,525.2216210317459,39.94518375025629
Al:0.1428571429|Ge:0.1428571429|Li:0.1428571429|O:0.5714285714,0.05445180657831754,470.87423710317466,45.513742128420255
Al:0.1428571429|Li:0.4285714286|S:0.4285714286,0.19456710254449974,478.5802430555557,43.460388684312626
Al:0.1666666667|Cl:0.6666666667|Li:0.1666666667,0.15651232049128735,465.32092397186136,42.89653671253284
Al:0.1666666667|H:0.6666666667|Li:0.1666666667,0.15782283401594244,430.4663455988455,42.89653671253284
Al:0.1666666667|Li:0.5|N:0.3333333333,0.16154755297316573,412.22438875360734,43.46960842279356
Al:0.1|F:0.6|Li:0.3,0.17131671194061418,415.1583222853535,42.67857205133533
Al:0.1|H:0.6|Li:0.3,0.17131671194061418,411.6364770472582,42.67857205133533
Al:0.1|Li:0.5|O:0.4,0.02590032918458517,408.9878163329725,43.46960842279356
Al:0.1|Li:0.5|S:0.4,0.1611090158372174,479.5263343253968,43.389345196854876
B:0.07142857143|Li:0.1428571429|Na:0.07142857143|O:0.5714285714|P:0.1428571429,0.02047289331655097,401.58972258297246,42.51621260076196
B:0.07142857143|Li:0.2142857143|O:0.5714285714|P:0.1428571429,0.01688845181286492,408.3452667297979,42.51621260076196
B:0.1666666667|Ce:0.05555555556|Cl:0.05555555556|H:0.6666666667|Li:0.05555555556,0.26472832531947166,467.21718849206337,38.56748231919301
B:0.1666666667|Li:0.5|N:0.3333333333,0.1738372016873352,436.41975036075024,43.46960842279356
B:0.1904761905|Cu:0.04761904762|Li:0.2857142857|O:0.4761904762,0.02873248134914821,474.2656646825397,43.29130295751247
B:0.1|H:0.4|Li:0.25|P:0.05|S:0.2,0.2287227716970188,673.8658571428566,43.30970537927839
B:0.25|Li:0.25|O:0.5,0.009823973969824975,450.27610323773445,43.46960842279356
B:0.2916666667|Cl:0.04166666667|Li:0.1666666667|O:0.5,0.00721242001885186,417.4192647456709,43.3661149783993
B:0.3529411765|F:0.05882352941|Li:0.05882352941|O:0.5294117647,0.03756127244736913,442.18164024170267,43.318878710454115
Ba:0.002127659574|La:0.1255319149|Li:0.2765957447|O:0.5106382979|Ta:0.02340425532|Zr:0.06170212766,0.04191958818860816,495.649905753968,42.55324466211425
Ba:0.004016064257|Ge:0.04016064257|Li:0.3935742972|P:0.08032128514|S:0.4819277108,0.26862610190813496,462.357679563492,37.6889881272386
Ba:0.004255319149|La:0.1234042553|Li:0.2765957447|O:0.5106382979|Ta:0.02553191489|Zr:0.05957446809,0.043480799936116935,497.08063988095216,42.57155794783086
Ba:0.008064516129|Ge:0.04032258065|Li:0.3870967742|P:0.08064516129|S:0.4838709677,0.2678393726053701,458.95945039682533,38.07082596881529
Ba:0.008510638298|La:0.1191489362|Li:0.2765957447|O:0.5106382979|Ta:0.02978723404|Zr:0.05531914894,0.04367392370553358,496.4285565476188,42.57155794783086
Ba:0.01123595506|La:0.1235955056|Li:0.2359550562|O:0.5393258427|Ta:0.08988764045,0.03221468277883676,510.23625099206333,42.68554932716973
Ba:0.01214574899|Ge:0.04048582996|Li:0.3805668016|P:0.08097165992|S:0.4858299595,0.27209253516307974,463.67562103174595,38.07082596881529
Ba:0.01276595745|La:0.114893617|Li:0.2765957447|O:0.5106382979|Ta:0.03404255319|Zr:0.05106382979,0.042852700747891805,493.77855654761885,42.64858636673489
Ba:0.0162601626|Ge:0.0406504065|Li:0.3739837398|P:0.08130081301|S:0.487804878,0.2621856010796015,462.7669007936508,38.24456379434075
Ba:0.02040816327|Ge:0.04081632653|Li:0.3673469388|P:0.08163265306|S:0.4897959184,0.26282430540807167,466.56512996031756,39.35170893397985
Ba:0.02173913043|La:0.08695652174|Li:0.2608695652|O:0.5217391304|Sr:0.02173913043|Ta:0.08695652174,0.03695861061883639,508.61010515872994,42.39376735329335
Ba:0.02222222222|La:0.1111111111|Li:0.2444444444|O:0.5333333333|Ta:0.08888888889,0.033255338309148376,510.37208432539666,42.68554932716973
Ba:0.04347826087|La:0.08695652174|Li:0.2608695652|Nb:0.08695652174|O:0.5217391304,0.033419870076680784,500.7089196428569,40.421725088843154
Ba:0.04347826087|La:0.08695652174|Li:0.2608695652|O:0.5217391304|Ta:0.08695652174,0.03331140900372601,501.77743154761885,42.4546944669248
Ba:0.05376344086|La:0.0752688172|Li:0.2688172043|O:0.5161290323|Ta:0.08602150538,0.03723571685552915,501.77743154761885,42.91124459992235
Ba:0.06382978723|La:0.06382978723|Li:0.2765957447|O:0.5106382979|Ta:0.08510638298,0.03723571685552915,501.77743154761885,42.91124459992235
Ba:0.07368421053|La:0.05263157895|Li:0.2842105263|O:0.5052631579|Ta:0.08421052632,0.03807637588939958,500.92326488095216,42.91124459992235
Ba:0.075|Li:0.025|O:0.65|Si:0.1|Ta:0.125|Zr:0.025,0.07457432597855809,542.365759920635,42.086137008860774
Ba:0.08333333333|La:0.04166666667|Li:0.2916666667|O:0.5|Ta:0.08333333333,0.040449580837671,500.92326488095216,42.91124459992235
Ba:0.08333333333|Li:0.1666666667|O:0.5833333333|P:0.1666666667,0.05470107888086204,467.7209930555554,39.010273285770054
Bi:0.07142857143|Li:0.5|O:0.4285714286,0.07434569231095489,486.64360218253967,40.99288159368207
Bi:0.08695652174|La:0.08695652174|Li:0.2608695652|O:0.5217391304|Sr:0.04347826087,0.05861284970847914,512.9232251984125,41.365563533532274
Bi:0.09090909091|La:0.1363636364|Li:0.2272727273|O:0.5454545455,0.05011131760970121,517.7694255952379,41.46356987389467
Bi:0.09090909091|Li:0.4545454545|O:0.4545454545,0.09622032636469133,501.1564444444444,42.07334263658592
Bi:0.125|Li:0.375|O:0.5,0.08077403809961367,508.7870694444442,42.05796393774766
Bi:0.1428571429|Li:0.4285714286|O:0.4285714286,0.08236731715823976,513.3025109126983,42.25077577147894
Bi:0.25|Li:0.25|O:0.5,0.12814187194067866,523.5476874999998,42.05796393774766
Br:0.01923076923|Cl:0.05769230769|Li:0.4615384615|P:0.07692307692|S:0.3846153846,0.24065749564313357,471.8405367063493,43.742307244074055
Br:0.01923076923|I:0.05769230769|Li:0.4615384615|P:0.07692307692|S:0.3846153846,0.2842141792779174,465.019251984127,39.4485394285422
Br:0.03846153846|Cl:0.03846153846|Li:0.4615384615|P:0.07692307692|S:0.3846153846,0.2533271410987786,474.36991170634934,45.18543218951253
Br:0.03846153846|I:0.03846153846|Li:0.4615384615|P:0.07692307692|S:0.3846153846,0.27668934841791715,465.84905853174604,39.7699095253588
Br:0.05769230769|Cl:0.01923076923|Li:0.4615384615|P:0.07692307692|S:0.3846153846,0.25303104542915816,473.4862311507938,46.17187159252874
Br:0.05769230769|I:0.01923076923|Li:0.4615384615|P:0.07692307692|S:0.3846153846,0.27595332866651057,468.9855267857144,39.59016164624451
Br:0.07407407407|Li:0.4814814815|P:0.03703703704|S:0.3703703704|Si:0.03703703704,0.2557960824495805,473.8716478174604,46.054918352802034
Br:0.07490636704|Li:0.4756554307|P:0.04868913858|S:0.3745318352|Si:0.02621722846,0.25625865680954946,473.2141081349208,46.054918352802034
Br:0.07518796992|Li:0.4736842105|P:0.05263157895|S:0.3759398496|Si:0.02255639098,0.24872168904049505,474.473830357143,46.054918352802034
Br:0.07547169811|Li:0.4716981132|P:0.05660377358|S:0.3773584906|Si:0.01886792453,0.24884146613695018,474.0224414682541,46.054918352802034
Br:0.07561436673|Li:0.4706994329|P:0.05860113422|S:0.3780718336|Si:0.01701323251,0.24952452580439852,474.0224414682541,46.054918352802034
Br:0.07575757576|Li:0.4696969697|P:0.06060606061|S:0.3787878788|Si:0.01515151515,0.2519324098908754,474.0224414682541,46.054918352802034
Br:0.07590132827|Li:0.4686907021|P:0.06261859583|S:0.3795066414|Si:0.01328273245,0.2519777412863618,474.0224414682541,46.054918352802034
Br:0.07604562738|Li:0.463878327|P:0.07224334601|S:0.3802281369|Si:0.007604562738,0.2524615640924415,473.9509831349208,46.054918352802034
Br:0.07619047619|Li:0.4666666667|P:0.06666666667|S:0.380952381|Si:0.009523809524,0.25256117963733343,473.63327480158745,46.054918352802034
Br:0.07648183556|Li:0.4646271511|P:0.0707456979|S:0.3824091778|Si:0.005736137667,0.2535373106283638,473.63327480158745,46.054918352802034
Br:0.07662835249|Li:0.4636015326|P:0.07279693487|S:0.3831417625|Si:0.003831417625,0.2514169396315518,473.63327480158745,46.054918352802034
Br:0.07677543186|Li:0.462571977|P:0.07485604607|S:0.3838771593|Si:0.001919385797,0.2516525202809722,468.6396289682541,46.054918352802034
Br:0.07692307692|Li:0.4615384615|P:0.07692307692|S:0.3076923077|Se:0.07692307692,0.27346040235081104,494.50206448412706,46.95360368236831
Br:0.07692307692|Li:0.4615384615|P:0.07692307692|S:0.3153846154|Se:0.06923076923,0.27346040235081104,490.29970337301603,46.95360368236831
Br:0.07692307692|Li:0.4615384615|P:0.07692307692|S:0.3230769231|Se:0.06153846154,0.27427192907512943,488.83727281746053,46.95360368236831
Br:0.07692307692|Li:0.4615384615|P:0.07692307692|S:0.3307692308|Se:0.05384615385,0.26964468780133505,483.60928670634934,46.95360368236831
Br:0.07692307692|Li:0.4615384615|P:0.07692307692|S:0.3384615385|Se:0.04615384615,0.26703430420975577,479.64393948412715,46.95360368236831
Br:0.07692307692|Li:0.4615384615|P:0.07692307692|S:0.3461538462|Se:0.03846153846,0.26823128115040284,481.14654365079383,46.95360368236831
Br:0.07692307692|Li:0.4615384615|P:0.07692307692|S:0.3538461538|Se:0.03076923077,0.26746707107802425,475.42410813492074,46.95360368236831
Br:0.07692307692|Li:0.4615384615|P:0.07692307692|S:0.3615384615|Se:0.02307692308,0.25778945877299,476.46334424603185,46.80883826681195
Br:0.07692307692|Li:0.4615384615|P:0.07692307692|S:0.3692307692|Se:0.01538461538,0.2579433497494739,476.91278869047636,46.80883826681195
Br:0.07692307692|Li:0.4615384615|P:0.07692307692|S:0.3769230769|Se:0.007692307692,0.25663978762921913,475.01973313492084,46.13871939604838
Br:0.07692307692|Li:0.4615384615|P:0.07692307692|S:0.3846153846,0.2478169226062273,463.5241031746033,46.054918352802034
Br:0.2|H:0.2|Li:0.4|O:0.2,0.25775422953216265,543.3571289682541,46.89574108146569
Br:0.2|Li:0.6|O:0.2,0.2001923812394675,475.33343849206346,46.35103667207959
Br:0.3|Li:0.6|N:0.1,0.23003982178808746,481.9539146825397,46.57448365438435
Br:0.5714285714|Li:0.2857142857|Mg:0.1428571429,0.21968722706549387,481.61572420634917,46.597426056300016
Br:0.6666666667|Ga:0.1666666667|Li:0.1666666667,0.34257010006627436,510.381878968254,46.81784388712306
Br:0.6|Li:0.3|Y:0.1,0.3106680239532316,516.328009920635,46.37769086618243
C:0.2142857143|Cl:0.07142857143|H:0.5|Li:0.07142857143|N:0.07142857143|O:0.07142857143,0.1619023926528287,481.18197420634925,43.29130295751247
Ca:0.04347826087|La:0.08695652174|Li:0.2608695652|Nb:0.08695652174|O:0.5217391304,0.03483377954697372,484.0832748015872,39.30830183189562
Ca:0.04347826087|La:0.08695652174|Li:0.2608695652|O:0.5217391304|Ta:0.08695652174,0.037294842911567525,502.5357053571426,42.39376735329335
Ca:0.04752376188|Li:0.04902451226|O:0.6003001501|P:0.1500750375|Pb:0.1530765383,0.06885361287723508,529.5973720238094,41.34686356536502
Ca:0.08695652174|Li:0.04347826087|O:0.652173913|Ta:0.2173913043,0.08827633424090366,543.568804563492,42.264077065820175
Cd:0.1923076923|Cl:0.7692307692|Li:0.03846153846,0.21872710813810575,501.42183630952354,33.399109989101724
Ce:0.04166666667|Li:0.08333333333|Mo:0.1666666667|O:0.6666666667|Pr:0.04166666667,0.06740325327819369,754.1769350198415,39.94044320256204
Ce:0.04166666667|Li:0.08333333333|Mo:0.1666666667|O:0.6666666667|Sm:0.04166666667,0.06740285701792821,754.4047127976194,40.28743575489905
Ce:0.08333333333|Li:0.08333333333|Mo:0.1666666667|O:0.6666666667,0.05725538579442973,745.4969469246037,40.09944648026838
Cl:0.01213592233|Li:0.3859223301|P:0.05825242718|S:0.4733009709|Si:0.07038834951,0.2050185123269835,492.7860813492065,43.23866189182065
Cl:0.07692307692|Li:0.4615384615|O:0.3846153846|P:0.07692307692,0.03189456545662905,393.9226600829725,43.29130295751247
Cl:0.07692307692|Li:0.4615384615|P:0.07692307692|S:0.3846153846,0.20568821942736373,475.65549603174617,43.42137221327314
Cl:0.1538461538|Li:0.4615384615|O:0.3076923077|Si:0.07692307692,0.05194921734327006,437.10685155122644,43.29130295751247
Cl:0.2040816327|F:0.02040816327|H:0.1836734694|Li:0.4081632653|O:0.1836734694,0.20093515349658184,667.2479206349204,43.29130295751247
Cl:0.2|Li:0.6|O:0.2,0.1417175772797444,458.49769940476193,42.6037600304485
Cl:0.5714285714|Cr:0.1428571429|Li:0.2857142857,0.1777643470766214,477.25392460317465,42.956178839447745
Cl:0.5714285714|Li:0.2857142857|Mg:0.1428571429,0.17230503658550814,475.28610019841284,42.61048630667529
Cl:0.5714285714|Li:0.2857142857|Mn:0.1428571429,0.18389754266871117,473.35946527777776,43.381780609449265
Cl:0.5714285714|Li:0.2857142857|V:0.1428571429,0.17792652090938293,505.4201547619048,43.009589695244664
Cl:0.5797101449|Ga:0.01449275362|Li:0.2753623188|Mn:0.1304347826,0.21523559785823107,477.2665486111111,43.647162897574695
Cl:0.6015037594|In:0.05263157895|Li:0.2481203008|Mn:0.0977443609,0.2786477916775564,488.6697331349206,35.10059290560243
Cl:0.6315789474|Li:0.2631578947|Y:0.05263157895|Zr:0.05263157895,0.2569514451510467,497.20394841269837,46.29362392195049
Cl:0.6|In:0.1|Li:0.3,0.24942826280929717,486.18604761904743,34.96325760316736
Cl:0.6|Li:0.3|Y:0.1,0.22521210955458257,486.21412301587304,46.122506033368396
Co:0.02024291498|La:0.1275303644|Li:0.06275303644|O:0.6072874494|Ti:0.1821862348,0.07773935524463989,510.26463690476186,39.726417438683356
Co:0.02057613169|La:0.1378600823|Li:0.03909465021|O:0.6172839506|Ti:0.1851851852,0.07503253945832926,509.5824146825396,39.797871992337726
Co:0.07142857143|Ge:0.2142857143|Li:0.1428571429|O:0.5714285714,0.05936667525709302,549.3156904761908,46.240078363566376
Co:0.07142857143|Li:0.1428571429|O:0.5714285714|Ti:0.2142857143,0.012395286376592918,552.3959771825398,43.4763564848259
Cr:0.002770083102|Li:0.05817174515|O:0.6648199446|P:0.1662049861|Ti:0.108033241,0.040564706420454615,621.0472517857146,42.76687123861377
Cr:0.005524861878|Li:0.06077348066|O:0.6629834254|P:0.1657458564|Ti:0.1049723757,0.04135737824217812,620.9701684523812,42.76687123861377
Cr:0.01098901099|Li:0.06593406593|O:0.6593406593|P:0.1648351648|Ti:0.0989010989,0.04048353351055259,618.3772517857146,42.76687123861377
Cr:0.01639344262|Hf:0.09289617486|Li:0.07103825137|O:0.6557377049|P:0.1639344262,0.07249995808203993,509.3832053571429,41.36306969442112
Cr:0.01639344262|Li:0.07103825137|O:0.6557377049|P:0.1639344262|Ti:0.09289617486,0.04341498877198709,601.3165712301591,42.66337779421951
Cr:0.02173913043|Li:0.07608695652|O:0.652173913|P:0.1630434783|Ti:0.08695652174,0.04406529102071013,602.8691009920639,42.66337779421951
Cr:0.02702702703|Li:0.08108108108|O:0.6486486486|P:0.1621621622|Ti:0.08108108108,0.04415437340575034,578.9080605158732,42.64727009510208
Cr:0.04255319149|Li:0.09574468085|O:0.6382978723|P:0.1595744681|Ti:0.06382978723,0.04645375991495802,547.327857638889,42.60753865702125
Cr:0.05263157895|Hf:0.05263157895|Li:0.1052631579|O:0.6315789474|P:0.1578947368,0.06497662901767173,472.520005952381,40.39731973357603
Cr:0.05263157895|Li:0.1052631579|O:0.6315789474|P:0.1578947368|Ti:0.05263157895,0.047091134544486206,494.5207777777778,42.58235416547132
Cr:0.05263157895|Li:0.1052631579|O:0.6315789474|P:0.1578947368|Zr:0.05263157895,0.06161854725398964,481.2594295634921,44.823505172638924
Cr:0.05263157895|Li:0.1578947368|Mo:0.1578947368|O:0.6315789474,0.05191399153488465,711.0679042658734,46.10009474215462
Cr:0.05555555556|Li:0.05555555556|O:0.6666666667|P:0.1666666667|Sb:0.05555555556,0.08499435169029139,481.87685119047626,38.82257720086734
Cr:0.05|Li:0.1|O:0.6|Sr:0.1|Ta:0.15,0.06765532881202294,525.8100406746031,42.43599449875754
Er:0.1|I:0.6|Li:0.3,0.3817465847844244,664.3850833333339,44.085121063010874
F:0.008583690987|Ga:0.01072961373|La:0.1287553648|Li:0.2596566524|O:0.5064377682|Zr:0.08583690987,0.0400911324556756,503.8934871031744,40.939202335472146
F:0.03448275862|Li:0.2413793103|N:0.3275862069|Nd:0.08620689655|O:0.1206896552|Si:0.1896551724,0.3397933564927109,914.0615247114,40.01181927855749
F:0.07476635514|Li:0.09345794393|Nb:0.1869158879|O:0.5607476636|Sr:0.08411214953,0.02923584046113088,491.5756359126982,46.885930860795085
F:0.07476635514|Li:0.09345794393|O:0.5607476636|Sr:0.08411214953|Ta:0.1869158879,0.02940053572598123,521.0777440476189,42.62934653991744
F:0.08571428571|Li:0.2571428571|Mg:0.08571428571|O:0.4571428571|P:0.1142857143,0.04727717108730847,409.1116977813852,43.3661149783993
F:0.09009009009|Li:0.0990990991|Nb:0.1711711712|O:0.5405405405|Sr:0.09009009009|Zr:0.009009009009,0.03241388735244564,536.3646289682537,46.885930860795085
F:0.09009009009|Li:0.0990990991|O:0.5405405405|Sr:0.09009009009|Ta:0.1711711712|Zr:0.009009009009,0.03109269845634185,559.470075396825,42.68554932716973
F:0.09090909091|Li:0.09090909091|Nb:0.1818181818|O:0.5454545455|Sr:0.09090909091,0.028787094744886065,493.6325803571426,46.885930860795085
F:0.09090909091|Li:0.09090909091|O:0.5454545455|Sr:0.09090909091|Ta:0.1818181818,0.028496712780510018,523.1196190476188,42.68554932716973
F:0.125|Li:0.125|O:0.5|P:0.125|V:0.125,0.023592963166239097,577.9423571428571,43.29130295751247
Fe:0.002770083102|Li:0.05817174515|O:0.6648199446|P:0.1662049861|Ti:0.108033241,0.04235202299547206,621.9664184523813,42.76687123861377
Fe:0.005524861878|Hf:0.1049723757|Li:0.06077348066|O:0.6629834254|P:0.1657458564,0.07439919097395,521.600189484127,41.431218160047294
Fe:0.005524861878|Li:0.06077348066|O:0.6629834254|P:0.1657458564|Ti:0.1049723757,0.04287445138683768,623.1747517857146,42.76687123861377
Fe:0.007018614587|Li:0.1220628624|Nb:0.176075679|O:0.6032956973|Sr:0.09154714678,0.057194794197455795,500.64017956349204,46.319591987755835
Fe:0.00702062308|La:0.129442738|Li:0.2492321194|O:0.526546731|Zr:0.0877577885,0.03093010517157014,504.26417658730145,40.421725088843154
Fe:0.00826446281|Li:0.06336088154|O:0.6611570248|P:0.1652892562|Ti:0.1019283747,0.042184011136059824,619.5814184523813,42.76687123861377
Fe:0.008366358432|La:0.129898723|Li:0.2452664025|O:0.5284015852|Zr:0.08806693087,0.031029059828192988,504.26417658730145,40.51973142920555
Fe:0.01098901099|Li:0.06593406593|O:0.6593406593|P:0.1648351648|Ti:0.0989010989,0.042000606655212165,621.880585119048,42.76687123861377
Fe:0.01639344262|Hf:0.09289617486|Li:0.07103825137|O:0.6557377049|P:0.1639344262,0.07021395008159168,509.3832053571429,41.36306969442112
Fe:0.01639344262|Li:0.07103825137|O:0.6557377049|P:0.1639344262|Ti:0.09289617486,0.044704884513394626,581.618864087302,42.66337779421951
Fe:0.02173913043|Li:0.07608695652|O:0.652173913|P:0.1630434783|Ti:0.08695652174,0.04540012809492585,579.3713938492067,42.66337779421951
Fe:0.02702702703|Li:0.08108108108|O:0.6486486486|P:0.1621621622|Ti:0.08108108108,0.04549393542575638,583.61972718254,42.64727009510208
Fe:0.04|K:0.02|Li:0.06|Na:0.04|O:0.6|Si:0.24,0.04801499272661685,431.18877615440124,42.500266586054245
Fe:0.05263157895|Li:0.1052631579|O:0.6315789474|P:0.1578947368|Ti:0.05263157895,0.0467654280986234,521.7641517857145,42.58235416547132
Fe:0.05263157895|Li:0.1052631579|O:0.6315789474|P:0.1578947368|Zr:0.05263157895,0.05814908219700699,489.6140823412699,44.862746682192125
Fe:0.05263157895|Li:0.1578947368|Mo:0.1578947368|O:0.6315789474,0.047880434469432874,711.1694320436511,46.10009474215462
Fe:0.05555555556|Li:0.05555555556|O:0.6666666667|P:0.1666666667|Sb:0.05555555556,0.0811206204017536,487.19955952380957,38.82257720086734
Fe:0.05|Li:0.1|O:0.6|Sr:0.1|Ta:0.15,0.06413568015826152,528.9754573412697,42.56884301864008
Ga:0.008565310493|La:0.1284796574|Li:0.2633832976|O:0.5139186296|Ta:0.01070663812|Zr:0.07494646681,0.04321619130620493,495.32435019841245,42.14554732764903
Ga:0.01063829787|La:0.1276595745|Li:0.2659574468|O:0.5106382979|Zr:0.08510638298,0.038403102720168274,501.78365575396805,40.939202335472146
Ga:0.01098901099|Li:0.06593406593|O:0.6593406593|P:0.1648351648|Ti:0.0989010989,0.043761204670114,582.8461557539686,42.76687123861377
Ga:0.01639344262|Li:0.07103825137|O:0.6557377049|P:0.1639344262|Ti:0.09289617486,0.04669265993154848,558.1612981150794,42.66337779421951
Ga:0.02040816327|Li:0.2517006803|O:0.5442176871|P:0.1360544218|Zn:0.04761904762,0.013542838456000964,480.5752380952381,43.4660285763607
Ga:0.02173913043|La:0.1304347826|Li:0.2391304348|O:0.5217391304|Zr:0.08695652174,0.036595540035597,499.83336805555535,40.421725088843154
Ga:0.02173913043|Li:0.07608695652|O:0.652173913|P:0.1630434783|Ti:0.08695652174,0.04739713394270721,563.0014171626985,42.66337779421951
Ga:0.02702702703|Li:0.08108108108|O:0.6486486486|P:0.1621621622|Ti:0.08108108108,0.047516201334278245,533.7259682539685,42.64727009510208
Ga:0.03448275862|Li:0.2413793103|O:0.5517241379|P:0.1379310345|Zn:0.03448275862,0.014273330598272068,481.2176547619048,43.467219459432265
Ga:0.1428571429|Ge:0.1428571429|Li:0.1428571429|O:0.5714285714,0.06237071550611296,479.338517857143,46.340898723202834
Ga:0.1|Li:0.5|O:0.4,0.028222580949632543,464.7462162698412,45.49038505855
Ga:0.25|Li:0.25|O:0.5,0.00724643635752469,470.2858392857143,47.11186354043487
Ga:0.2|Ge:0.1|Li:0.1|S:0.6,0.23572051004507938,490.55459920634917,45.601669673340645
Gd:0.05555555556|Li:0.05555555556|O:0.6666666667|P:0.2222222222,0.06015438187900357,469.9138204365079,38.78617128287173
Ge:0.007633587786|I:0.07633587786|Li:0.465648855|P:0.06870229008|S:0.3816793893,0.2943294466884622,464.3557797619047,39.40750662461792
Ge:0.01140684411|I:0.07604562738|Li:0.4676806084|P:0.06463878327|S:0.3802281369,0.2943717999310846,464.7449464285713,39.40750662461792
Ge:0.01320528211|Li:0.400160064|P:0.08003201281|S:0.4801920768|Sn:0.02641056423,0.26064319354573157,465.6624513888888,38.24456379434075
Ge:0.01515151515|I:0.07575757576|Li:0.4696969697|P:0.06060606061|S:0.3787878788,0.2944472481845831,464.7449464285713,39.40750662461792
Ge:0.0166|Li:0.4|P:0.08|S:0.48|Sn:0.0234,0.2580658519607011,467.9481855158729,38.24456379434075
Ge:0.01886792453|I:0.07547169811|Li:0.4716981132|P:0.05660377358|S:0.3773584906,0.29725988469390924,464.7449464285713,39.3155284322769
Ge:0.02255639098|I:0.07518796992|Li:0.4736842105|P:0.05263157895|S:0.3759398496,0.2971401075974541,465.1963353174603,39.3155284322769
Ge:0.0243902439|Li:0.3902439024|O:0.487804878|P:0.09756097561,0.06728236013740511,462.89236607142846,43.39479640190673
Ge:0.0243902439|Li:0.3902439024|O:0.487804878|V:0.09756097561,0.06736382977753265,495.3696835317459,43.825042017832736
Ge:0.0243902439|Li:0.3902439024|P:0.09756097561|S:0.487804878,0.2166860508898363,468.3064196428571,43.75201433072786
Ge:0.02641056423|Li:0.400160064|P:0.08003201281|S:0.4801920768|Sn:0.01320528211,0.2642862372339624,463.8801299603174,37.22891542049521
Ge:0.02777777778|Li:0.4444444444|Se:0.4444444444|Sn:0.08333333333,0.2704585307992924,489.34559623015855,41.09722428843687
Ge:0.02985074627|I:0.07462686567|Li:0.4776119403|P:0.0447761194|S:0.3731343284,0.2987284692356166,465.1963353174603,39.3155284322769
Ge:0.0303030303|Li:0.3939393939|P:0.09090909091|S:0.4848484848,0.22968992581210154,468.97923710317457,43.79893814920137
Ge:0.031|Li:0.4|P:0.08|S:0.48|Sn:0.009,0.2626546146693308,464.5155466269841,37.573365023611515
Ge:0.03614457831|Li:0.3975903614|P:0.0843373494|S:0.4819277108,0.22972604904690827,465.7146537698412,43.7937932820874
Ge:0.03703703704|I:0.07407407407|Li:0.4814814815|P:0.03703703704|S:0.3703703704,0.2999311694706121,464.78046230158725,39.3155284322769
Ge:0.038|Li:0.4|P:0.08|S:0.48|Si:0.002,0.2365395920920158,467.8136418650793,43.53259759887658
Ge:0.04191616766|Li:0.4011976048|P:0.07784431138|S:0.4790419162,0.23898951009499786,465.93191567460315,43.85795068453501
Ge:0.04411764706|I:0.07352941176|Li:0.4852941176|P:0.02941176471|S:0.3676470588,0.2992648258255665,463.72108730158726,39.3155284322769
Ge:0.04761904762|Li:0.4047619048|O:0.4761904762|P:0.07142857143,0.05927307414007835,478.6400396825397,43.42137221327314
Ge:0.04761904762|Li:0.4047619048|O:0.4761904762|V:0.07142857143,0.06360366368532631,484.5173025793649,43.73587837621543
Ge:0.04761904762|Li:0.4047619048|P:0.07142857143|S:0.4761904762,0.24240665303923584,464.8369156746031,44.078947725273196
Ge:0.04|Li:0.4|P:0.08|S:0.48,0.23656893453056832,465.93191567460315,43.53259759887658
Ge:0.05109489051|I:0.07299270073|Li:0.4890510949|P:0.02189781022|S:0.3649635036,0.2889632645324574,463.72108730158726,39.3155284322769
Ge:0.05325443787|Li:0.4082840237|P:0.0650887574|S:0.4733727811,0.24333513485040423,466.4376101190476,44.35665347677812
Ge:0.05555555556|Li:0.4444444444|Se:0.4444444444|Sn:0.05555555556,0.2769955702766536,489.34559623015855,40.57509779958318
Ge:0.05797101449|I:0.07246376812|Li:0.4927536232|P:0.01449275362|S:0.3623188406,0.288473043960507,463.72108730158726,39.3155284322769
Ge:0.05882352941|Li:0.4117647059|P:0.05882352941|S:0.4705882353,0.2445835885497929,467.6642767857142,45.09838432168614
Ge:0.06976744186|Li:0.4186046512|O:0.4651162791|P:0.04651162791,0.062120071681513005,463.29424206349194,43.742307244074055
Ge:0.06976744186|Li:0.4186046512|O:0.4651162791|V:0.04651162791,0.06337888923773931,483.4739345238094,44.19473523797488
Ge:0.06976744186|Li:0.4186046512|P:0.04651162791|S:0.4651162791,0.25062049796434643,466.2524712301587,45.38540276332206
Ge:0.07692307692|Li:0.6153846154|P:0.3076923077,0.20992297387693473,479.36606746031737,45.94082015358344
Ge:0.08333333333|Li:0.4444444444|Se:0.4444444444|Sn:0.02777777778,0.2738106812958895,487.3894851190474,40.095163256823284
Ge:0.08571428571|Li:0.4285714286|O:0.4571428571|V:0.02857142857,0.08838240300477235,463.5235476190476,45.563889334302395
Ge:0.09090909091|Li:0.4318181818|O:0.4545454545|P:0.02272727273,0.08843196041471141,462.9270198412698,45.22830295458134
Ge:0.09090909091|Li:0.4318181818|O:0.4545454545|V:0.02272727273,0.08991182474516222,462.88813095238095,45.47599834020816
Ge:0.09090909091|Li:0.4318181818|P:0.02272727273|S:0.4545454545,0.256196249382268,470.9239990079366,46.24002005815491
Ge:0.09770114943|Li:0.4252873563|O:0.4597701149|W:0.01724137931,0.10760508169218654,453.89912301587276,41.22256613555847
Ge:0.1111111111|Li:0.05555555556|O:0.6666666667|P:0.1666666667,0.06887867496445925,483.070373015873,44.1481986893527
Ge:0.1111111111|Li:0.4444444444|O:0.4444444444,0.08356531295325374,464.98813095238086,46.24002005815491
Ge:0.1111111111|Li:0.4444444444|S:0.1111111111|Se:0.3333333333,0.31163313116243785,488.1999662698412,47.2617791208717
Ge:0.1111111111|Li:0.4444444444|S:0.2222222222|Se:0.2222222222,0.30632515244489056,489.7873273809524,46.89574108146569
Ge:0.1111111111|Li:0.4444444444|S:0.3333333333|Se:0.1111111111,0.3131022195219341,478.5594702380953,47.07102069604296
Ge:0.1111111111|Li:0.4444444444|S:0.4444444444,0.2428413820402468,470.9554771825397,46.123066818428214
Ge:0.1111111111|Li:0.4444444444|Se:0.4444444444,0.2612199343642127,490.8765684523808,47.33560433451493
Ge:0.1304347826|Li:0.3043478261|P:0.04347826087|S:0.5217391304,0.23722532185659573,468.7323373015872,45.95085406033499
Ge:0.1333333333|Li:0.4|O:0.4666666667,0.06677553228251197,463.0138749999999,46.123066818428214
Ge:0.2142857143|Li:0.1428571429|O:0.5714285714|Zn:0.07142857143,0.06266705312024358,475.0790982142857,46.240078363566376
H:0.4392523364|Li:0.02803738318|Mo:0.07476635514|O:0.3738317757|S:0.07476635514|W:0.009345794393,0.06813757896025084,660.2944890873016,40.97360409355748
H:0.4|I:0.1|Li:0.3|N:0.2,0.29473019160538966,499.74510019841256,39.88367056319819
Hf:0.05186721992|Li:0.07883817427|O:0.622406639|Sr:0.09128630705|Ta:0.1556016598,0.09848996882576498,550.8369246031746,42.25898154132611
Hf:0.05263157895|In:0.05263157895|Li:0.1052631579|O:0.6315789474|P:0.1578947368,0.0683340963786412,490.9998720238096,40.33742247001806
Hf:0.08333333333|La:0.125|Li:0.2916666667|O:0.5,0.03487656144531971,519.3789196428569,42.91124459992235
Hf:0.08695652174|In:0.02173913043|Li:0.07608695652|O:0.652173913|P:0.1630434783,0.07006240236810216,509.3832053571429,41.36306969442112
Hf:0.08695652174|Li:0.07608695652|Lu:0.02173913043|O:0.652173913|P:0.1630434783,0.0761253830975956,521.600189484127,41.36173112801796
Hf:0.08695652174|Li:0.07608695652|O:0.652173913|P:0.1630434783|Y:0.02173913043,0.06866541222091552,509.3832053571429,41.36306969442112
Hf:0.09289617486|In:0.01639344262|Li:0.07103825137|O:0.6557377049|P:0.1639344262,0.07389694822922656,518.311072420635,41.36306969442112
Hf:0.09289617486|Li:0.07103825137|Lu:0.01639344262|O:0.6557377049|P:0.1639344262,0.07995992895872,523.2418561507936,41.36173112801796
Hf:0.09289617486|Li:0.07103825137|O:0.6557377049|P:0.1639344262|Sc:0.01639344262,0.07193738327621944,509.3832053571429,41.36306969442112
Hf:0.09289617486|Li:0.07103825137|O:0.6557377049|P:0.1639344262|Y:0.01639344262,0.07249995808203993,512.5570942460319,41.36306969442112
Hf:0.0989010989|In:0.01098901099|Li:0.06593406593|O:0.6593406593|P:0.1648351648,0.07760732601625822,521.600189484127,41.431218160047294
Hf:0.0989010989|Li:0.06593406593|Lu:0.01098901099|O:0.6593406593|P:0.1648351648,0.0771143293103325,523.7356061507937,41.538061218432716
Hf:0.1049723757|In:0.005524861878|Li:0.06077348066|O:0.6629834254|P:0.1657458564,0.07670833324583876,523.2418561507936,41.431218160047294
Hf:0.1049723757|Li:0.06077348066|Lu:0.005524861878|O:0.6629834254|P:0.1657458564,0.07589783329253122,523.7356061507937,41.538061218432716
Hf:0.1049723757|Li:0.06077348066|O:0.6629834254|P:0.1657458564|Sc:0.005524861878,0.07337060808807343,521.600189484127,41.431218160047294
Hf:0.1111111111|Li:0.05555555556|O:0.6666666667|P:0.1666666667,0.07064631757094851,517.2310327380952,42.03278752978522
Hf:0.11274282|Li:0.0507482108|O:0.6692071754|P:0.1673017938,0.07060232747145204,517.2310327380952,42.03278752978522
Hf:0.1137189159|Li:0.04805811679|O:0.6705783738|P:0.1676445935,0.07060232747145204,517.2310327380952,42.051100815501826
I:0.07692307692|Li:0.4615384615|P:0.07692307692|S:0.3846153846,0.27265565668742825,456.8066081349205,39.43581160414599
I:0.1|Li:0.4|P:0.1|S:0.4,0.29831592126428214,482.4909583333332,39.89349149044291
In:0.01098901099|Li:0.06593406593|O:0.6593406593|P:0.1648351648|Ti:0.0989010989,0.06744022057329939,516.9192886904763,31.886019681977345
In:0.01111111111|La:0.1333333333|Li:0.2444444444|Nb:0.07777777778|O:0.5333333333,0.036412563822619405,510.759673611111,40.51973142920555
In:0.01639344262|Li:0.07103825137|O:0.6557377049|P:0.1639344262|Ti:0.09289617486,0.0699699625653504,503.2601478174603,32.505242754004904
In:0.02173913043|Li:0.07608695652|O:0.652173913|P:0.1630434783|Ti:0.08695652174,0.0710776626864596,496.09787599206345,31.912473417595418
In:0.02702702703|Li:0.08108108108|O:0.6486486486|P:0.1621621622|Ti:0.08108108108,0.06937231619836795,499.29527182539675,33.15108817029109
In:0.05263157895|Li:0.1052631579|O:0.6315789474|P:0.1578947368|Ti:0.05263157895,0.07387216151983939,492.46953769841275,35.31295089367036
In:0.05263157895|Li:0.1052631579|O:0.6315789474|P:0.1578947368|Zr:0.05263157895,0.07160201322920602,474.2025446428571,35.523366399891735
K:0.01111111111|La:0.1222222222|Li:0.2444444444|Nb:0.08888888889|O:0.5333333333,0.03194973529757527,503.4955168650792,40.51973142920555
K:0.02|Li:0.18|O:0.6|Sb:0.2,0.08305153086071046,508.5265734126984,39.781916019446626
La:0.01098901099|Li:0.06593406593|O:0.6593406593|P:0.1648351648|Ti:0.0989010989,0.0685944712812165,502.80806448412693,35.98802927431027
La:0.01639344262|Li:0.07103825137|O:0.6557377049|P:0.1639344262|Ti:0.09289617486,0.07386124276948172,498.46763789682535,36.50788312218419
La:0.02173913043|Li:0.07608695652|O:0.652173913|P:0.1630434783|Ti:0.08695652174,0.07672737887584286,496.6050287698412,36.68859708529103
La:0.02702702703|Li:0.08108108108|O:0.6486486486|P:0.1621621622|Ti:0.08108108108,0.07573710656731462,499.0586051587301,37.73308169469549
La:0.05555555556|Li:0.002222222222|Na:0.05333333333|Nb:0.2222222222|O:0.6666666667,0.06944795433926328,519.4173323412698,39.66172037786958
La:0.05555555556|Li:0.004444444444|Na:0.05111111111|Nb:0.2222222222|O:0.6666666667,0.0682230303719642,519.4173323412698,39.66172037786958
La:0.05555555556|Li:0.007777777778|Na:0.04777777778|Nb:0.2222222222|O:0.6666666667,0.06824689601120058,519.4173323412698,39.32595215135079
La:0.05555555556|Li:0.01111111111|Na:0.04444444444|Nb:0.2222222222|O:0.6666666667,0.06824689601120058,519.4173323412698,39.32595215135079
La:0.05555555556|Li:0.02222222222|Na:0.03333333333|Nb:0.2222222222|O:0.6666666667,0.07106566842918846,519.4173323412698,39.27746762388352
La:0.05555555556|Li:0.03333333333|Na:0.02222222222|Nb:0.2222222222|O:0.6666666667,0.07106566842918846,518.1566031746031,39.27746762388352
La:0.05555555556|Li:0.04444444444|Na:0.01111111111|Nb:0.2222222222|O:0.6666666667,0.07106566842918846,518.7128531746031,39.35679143387234
La:0.05555555556|Li:0.05555555556|O:0.6666666667|Ta:0.2222222222,0.13481994836640615,544.0709712301588,42.55835015513647
La:0.07258064516|Li:0.06048387097|O:0.6048387097|Sr:0.06048387097|Ti:0.2016129032,0.08312349409858781,492.71234027777774,39.5244112627036
La:0.07878787879|Li:0.05656565657|O:0.6060606061|Sr:0.05656565657|Ti:0.202020202,0.08303363148618242,492.71234027777774,39.49740156033252
La:0.08350305499|Li:0.05091649695|O:0.6109979633|Sr:0.05091649695|Ti:0.2036659878,0.08898382615008076,499.55074305555553,39.102673606892814
La:0.08695652174|Li:0.2608695652|Nb:0.08695652174|O:0.5217391304|Sr:0.04347826087,0.03378943944683551,490.29244146825386,39.9530219237625
La:0.08695652174|Li:0.2608695652|O:0.5217391304|Sb:0.08695652174|Sr:0.04347826087,0.05021319686757242,499.42845833333314,40.421725088843154
La:0.08695652174|Li:0.2608695652|O:0.5217391304|Sr:0.04347826087|Ta:0.08695652174,0.03502367995857038,502.3336815476188,42.39376735329335
La:0.09090909091|Li:0.09090909091|Nb:0.1818181818|O:0.6363636364,0.06194207580772067,508.2297628968254,39.9291258026999
La:0.1046277666|Li:0.09054325956|O:0.6036217304|Ti:0.2012072435,0.08235896043531384,499.76994940476186,39.217880035128374
La:0.1059322034|Li:0.2796610169|O:0.5084745763|Ta:0.01694915254|Y:0.02118644068|Zr:0.06779661017,0.04090464685350591,493.8687946428569,42.14554732764903
La:0.106029106|Li:0.03118503119|O:0.6237006237|Sr:0.03118503119|Ti:0.2079002079,0.09046354199633919,504.74515773809514,39.33521803146484
La:0.1064718163|Li:0.07098121086|O:0.6137787056|Ti:0.2087682672,0.08616301721103493,501.4116160714285,39.1416027624439
La:0.1095334686|Li:0.07910750507|O:0.6085192698|Ti:0.2028397566,0.08849036062830695,501.90536607142855,39.10223653412647
La:0.1120162933|Li:0.0733197556|O:0.6109979633|Ti:0.2036659878,0.08677706071505921,501.90536607142855,39.27585074042687
La:0.1145194274|Li:0.06748466258|O:0.6134969325|Ti:0.2044989775,0.08364439067498534,501.90536607142855,39.562372387334705
La:0.1160164271|Li:0.06262833676|O:0.6160164271|Ti:0.205338809,0.08266177060510536,501.90536607142855,39.68424228263243
La:0.1165254237|Li:0.2796610169|O:0.5084745763|Ta:0.01694915254|Y:0.01059322034|Zr:0.06779661017,0.043409315075621575,494.6722668650791,42.14554732764903
La:0.1172839506|Li:0.05967078189|O:0.6172839506|Ti:0.2057613169,0.08293647250414625,501.90536607142855,39.68424228263243
La:0.1176470588|Li:0.02100840336|O:0.6302521008|Sr:0.02100840336|Ti:0.2100840336,0.08170077642566048,510.72637301587287,39.53927168270397
La:0.117768595|Li:0.05578512397|O:0.6198347107|Ti:0.2066115702,0.08187417170997811,501.90536607142855,39.68424228263243
La:0.1195876289|Li:0.05567010309|O:0.618556701|Ti:0.206185567,0.08196530200974343,501.90536607142855,39.68424228263243
La:0.1218220339|Li:0.2796610169|O:0.5084745763|Ta:0.01694915254|Y:0.005296610169|Zr:0.06779661017,0.04321619130620493,495.32435019841245,42.14554732764903
La:0.1237006237|Li:0.0446985447|O:0.6237006237|Ti:0.2079002079,0.07548392151012319,503.690435515873,39.68424228263243
La:0.1246882793|Li:0.293433084|O:0.4987531172|Y:0.002493765586|Zr:0.08063175395,0.03973123173545993,493.24684523809515,40.939202335472146
La:0.125|Li:0.2916666667|O:0.5|Zr:0.08333333333,0.03398031192129909,493.0478323412698,40.939202335472146
La:0.1260504202|Li:0.2857142857|Mo:0.004201680672|O:0.5042016807|Zr:0.07983193277,0.03524793817003784,496.7721428571427,40.939202335472146
La:0.1260504202|Li:0.2857142857|O:0.5042016807|Sb:0.008403361345|Zr:0.0756302521,0.03953712725760632,499.6150793650792,40.939202335472146
La:0.1260504202|Li:0.2857142857|O:0.5042016807|Ta:0.008403361345|Zr:0.0756302521,0.03547471399053724,492.2068253968252,42.14554732764903
La:0.1263157895|Li:0.2842105263|Nb:0.01052631579|O:0.5052631579|Zr:0.07368421053,0.035926825777792416,498.83174603174587,40.939202335472146
La:0.1263157895|Li:0.2842105263|O:0.5052631579|Ta:0.01052631579|Zr:0.07368421053,0.03924695013873537,494.3422420634918,42.14554732764903
La:0.1263157895|Li:0.2842105263|O:0.5052631579|Te:0.005263157895|Zr:0.07894736842,0.05711830299264464,499.6150793650792,40.939202335472146
La:0.1265822785|Li:0.2827004219|O:0.5063291139|Ta:0.01265822785|Zr:0.07172995781,0.039284258148516445,494.3422420634918,42.14554732764903
La:0.1268498943|Li:0.2811839323|O:0.5073995772|Ta:0.01479915433|Zr:0.06976744186,0.03993955744271903,494.3422420634918,42.14554732764903
La:0.1271186441|Li:0.01271186441|O:0.6355932203|Sr:0.01271186441|Ti:0.2118644068,0.0727589117434508,514.3550188492062,39.5644561742539
La:0.1271186441|Li:0.2796610169|Mo:0.008474576271|O:0.5084745763|Zr:0.07627118644,0.034149507302795624,505.0283432539681,40.939202335472146
La:0.1271186441|Li:0.2796610169|O:0.5084745763|Sb:0.01694915254|Zr:0.06779661017,0.040932833080743164,499.68591269841255,40.939202335472146
La:0.1271186441|Li:0.2796610169|O:0.5084745763|Ta:0.01694915254|Zr:0.06779661017,0.040127215561673264,495.1964087301585,42.14554732764903
La:0.127348643|Li:0.0375782881|O:0.6263048017|Ti:0.2087682672,0.07193980889599565,503.690435515873,39.53927168270397
La:0.127388535|Li:0.2781316348|O:0.5095541401|Ta:0.01910828025|Zr:0.06581740977,0.04023160985353617,495.1964087301585,42.144208761245864
La:0.1276595745|Li:0.2765957447|Mo:0.01063829787|O:0.5106382979|Zr:0.07446808511,0.0348255357678481,514.0671626984125,40.939202335472146
La:0.1276595745|Li:0.2765957447|Nb:0.05319148936|O:0.5106382979|Y:0.03191489362,0.037046773488028824,507.574673611111,40.939202335472146
La:0.1276595745|Li:0.2765957447|O:0.5106382979|Ta:0.02127659574|Zr:0.06382978723,0.04022961187332492,495.3322420634919,42.364616438752286
La:0.1276595745|Li:0.2765957447|O:0.5106382979|Te:0.01063829787|Zr:0.07446808511,0.05823816451861789,499.68591269841255,40.939202335472146
La:0.1282051282|Li:0.2735042735|Mo:0.01282051282|O:0.5128205128|Zr:0.07264957265,0.0348255357678481,514.0671626984125,40.939202335472146
La:0.1282051282|Li:0.2735042735|O:0.5128205128|Sb:0.02564102564|Zr:0.05982905983,0.042377955880031855,501.9427182539681,40.939202335472146
La:0.1282051282|Li:0.2735042735|O:0.5128205128|Ta:0.02564102564|Zr:0.05982905983,0.04022961187332492,497.08853174603155,42.57155794783086
La:0.1293103448|Li:0.2672413793|Mo:0.01724137931|O:0.5172413793|Zr:0.06896551724,0.034721525679030106,544.4872123015872,40.96281350470913
La:0.1293103448|Li:0.2672413793|O:0.5172413793|Sb:0.03448275862|Zr:0.05172413793,0.050546426790504945,501.9427182539681,40.96281350470913
La:0.1293103448|Li:0.2672413793|O:0.5172413793|Ta:0.03448275862|Zr:0.05172413793,0.03899093254180414,494.15103174603155,42.67219753597189
La:0.1298701299|Li:0.2640692641|O:0.5194805195|Sm:0.02380952381|Ta:0.06277056277,0.03499226598727704,505.8293759920633,42.39376735329335
La:0.12|Li:0.28|O:0.52|Ta:0.08,0.027758728218566005,503.06850297619036,42.39376735329335
La:0.1302521008|Li:0.02941176471|Mg:0.1050420168|O:0.6302521008|W:0.1050420168,0.06957802592044901,516.7594890873015,42.25898154132611
La:0.1302521008|Li:0.02941176471|O:0.6302521008|Ti:0.2100840336,0.06910646086332066,509.73262301587295,39.71325676120081
La:0.1304347826|Li:0.2608695652|Nb:0.0652173913|O:0.5217391304|Y:0.02173913043,0.03289679778551515,509.9763402777777,40.421725088843154
La:0.1304347826|Li:0.2608695652|O:0.5217391304|Sb:0.04347826087|Zr:0.04347826087,0.0502942701369488,501.8095932539681,40.421725088843154
La:0.1304347826|Li:0.2608695652|O:0.5217391304|Ta:0.04347826087|Zr:0.04347826087,0.035203165390351815,493.4074900793649,42.32510012454065
La:0.1307189542|Li:0.2352941176|Nb:0.07843137255|O:0.522875817|Y:0.03267973856,0.03588734526824704,507.97307638888867,40.421725088843154
La:0.1310043668|Li:0.2576419214|O:0.5240174672|Sm:0.01965065502|Ta:0.06768558952,0.03366872200183861,506.09562599206333,42.39376735329335
La:0.1319261214|Li:0.2524186456|O:0.5277044855|Ta:0.0219876869|Zr:0.06596306069,0.036140593437403654,495.59849206349185,42.05408070120187
La:0.1321585903|Li:0.2511013216|O:0.5286343612|Sm:0.0154185022|Ta:0.07268722467,0.03293909898760066,505.50777876984114,42.491773693655745
La:0.1329113924|Li:0.02320675105|Mg:0.1054852321|O:0.6329113924|W:0.1054852321,0.06987961797540547,514.2882738095237,42.34124947083121
La:0.1333333333|Li:0.2444444444|Nb:0.07777777778|O:0.5333333333|Y:0.01111111111,0.03136548842125221,510.759673611111,40.51973142920555
La:0.1333333333|Li:0.2444444444|O:0.5333333333|Sm:0.01111111111|Ta:0.07777777778,0.03214380051004887,510.23625099206333,42.552700807287195
La:0.1339285714|Li:0.2410714286|Nb:0.08035714286|O:0.5357142857|Y:0.008928571429,0.031359812895717126,510.759673611111,40.51973142920555
La:0.134529148|Li:0.2376681614|O:0.5381165919|Sm:0.006726457399|Ta:0.08295964126,0.03209726909689339,509.45083432539667,42.68554932716973
La:0.1351351351|Li:0.2342342342|Nb:0.08558558559|O:0.5405405405|Y:0.004504504505,0.0312678474571393,501.4254474206348,40.51973142920555
La:0.1355932203|Li:0.01694915254|O:0.6355932203|Ti:0.2118644068,0.06613488921434423,511.25064384920626,39.107146946315055
La:0.1363636364|Li:0.2272727273|Nb:0.07954545455|O:0.5454545455|Y:0.01136363636,0.031292175803899994,510.1264097222221,40.585945367904614
La:0.1363636364|Li:0.2272727273|Nb:0.08181818182|O:0.5454545455|Y:0.009090909091,0.031292175803899994,509.34099305555543,40.585945367904614
La:0.1363636364|Li:0.2272727273|Nb:0.08409090909|O:0.5454545455|Y:0.006818181818,0.031299345347353714,502.40461408730147,40.585945367904614
La:0.1363636364|Li:0.2272727273|Nb:0.08636363636|O:0.5454545455|Y:0.004545454545,0.03126410677361268,501.4254474206348,40.585945367904614
La:0.1363636364|Li:0.2272727273|Nb:0.08863636364|O:0.5454545455|Y:0.002272727273,0.03116992396211201,502.68308630952373,40.585945367904614
La:0.1363636364|Li:0.2272727273|Nb:0.09090909091|O:0.5454545455,0.024849495218968475,495.4727589285713,40.585945367904614
La:0.1363636364|Li:0.2272727273|O:0.5454545455|Sb:0.09090909091,0.04047436926483702,498.7615436507935,41.01195598808645
La:0.1363636364|Li:0.2272727273|O:0.5454545455|Ta:0.09090909091,0.025283044593036964,507.5924613095236,42.68554932716973
La:0.1364877161|Li:0.2311191993|O:0.5459508644|Ta:0.06869881711|Zr:0.01774340309,0.03230495802405351,506.44736210317444,42.491773693655745
La:0.1382978723|Li:0.01063829787|Mg:0.1063829787|O:0.6382978723|W:0.1063829787,0.06920935145534349,519.6893849206348,42.36643396238114
La:0.1428571429|Li:0.1428571429|O:0.5714285714|Ti:0.1428571429,0.03498662405558744,513.320822420635,39.882676513597616
La:0.1|Li:0.1|O:0.6|Ti:0.2,0.07083160807294521,485.6280148809523,39.32785864339122
La:0.225|Li:0.25|O:0.5|Sr:0.025,0.0305450498308228,491.12640476190455,41.603806928343914
La:0.25|Li:0.25|O:0.5,0.03441306996405434,510.950030753968,41.77304807337165
La:0.2604166667|Li:0.1979166667|Mg:0.02083333333|O:0.5208333333,0.026101189968669645,512.9277291666664,41.187422361116475
Li:0.01376479111|O:0.6235208887|Si:0.144892538|Sm:0.2178217822,0.06726605787516685,546.8125555555555,41.0253747215827
Li:0.05555555556|Nd:0.05555555556|O:0.6666666667|Ta:0.2222222222,0.13249928198468808,544.0709712301588,42.55835015513647
Li:0.05555555556|O:0.6666666667|P:0.1666666667|Sn:0.03333333333|Ti:0.07777777778,0.07204836827890623,498.230242063492,37.46649788233048
Li:0.05555555556|O:0.6666666667|P:0.1666666667|Sn:0.07777777778|Ti:0.03333333333,0.07490945763839825,493.6447986111109,39.670472852250406
Li:0.05555555556|O:0.6666666667|P:0.1666666667|Sn:0.08888888889|Ti:0.02222222222,0.07145648558260556,480.2912708333332,39.384024494751266
Li:0.05555555556|O:0.6666666667|P:0.1666666667|Ti:0.005555555556|Zr:0.1055555556,0.06092681475837249,492.32268353174607,46.29520407404511
Li:0.05555555556|O:0.6666666667|P:0.1666666667|Ti:0.01111111111|Zr:0.1,0.06235261278425971,496.45306051587306,46.150438658488746
Li:0.05555555556|O:0.6666666667|P:0.1666666667|Ti:0.1111111111,0.03814970657240533,620.1198609126989,42.76687123861377
Li:0.05555555556|O:0.6666666667|P:0.1666666667|Ti:0.1|Zr:0.01111111111,0.05697311448834564,534.5656250000002,42.56152094007703
Li:0.05555555556|O:0.6666666667|P:0.1666666667|Zr:0.1111111111,0.05874987932706511,486.75908234126985,46.29520407404511
Li:0.05555555556|O:0.6666666667|Sm:0.05555555556|Ta:0.2222222222,0.13173292935968803,544.0709712301588,42.55835015513647
Li:0.06077348066|O:0.6629834254|P:0.1657458564|Sc:0.005524861878|Ti:0.1049723757,0.04153285995574687,623.0694740079368,42.76687123861377
Li:0.06336088154|O:0.6611570248|P:0.1652892562|Y:0.00826446281|Zr:0.1019283747,0.06270230646918722,493.7254613095238,46.29520407404511
Li:0.06593406593|O:0.6593406593|P:0.1538461538|Si:0.01098901099|Ti:0.1098901099,0.04437804171359299,620.2785017857146,42.76687123861377
Li:0.06593406593|O:0.6593406593|P:0.1648351648|Sc:0.01098901099|Ti:0.0989010989,0.04139929833652157,619.7932240079368,42.76687123861377
Li:0.06924643585|O:0.6130346232|Pr:0.1140529532|Ti:0.2036659878,0.07463816253572443,501.2329007936507,39.55081554516296
Li:0.06952965235|Nd:0.1124744376|O:0.6134969325|Ti:0.2044989775,0.07469062534630536,501.2329007936507,39.16521592729245
Li:0.07103825137|O:0.6557377049|P:0.1475409836|Si:0.01639344262|Ti:0.1092896175,0.04421898018154367,619.6764184523813,42.66337779421951
Li:0.07103825137|O:0.6557377049|P:0.1639344262|Sc:0.01639344262|Ti:0.09289617486,0.04488966577518374,600.117821230159,42.66337779421951
Li:0.07608695652|O:0.652173913|P:0.1630434783|Sc:0.02173913043|Ti:0.08695652174,0.04527469342335187,600.2807676587305,42.66337779421951
Li:0.07802874743|O:0.6098562628|Sm:0.1067761807|Ti:0.205338809,0.07436365642874132,502.01762301587297,39.630168766842644
Li:0.08333333333|O:0.6666666667|P:0.08333333333|Ta:0.1666666667,0.06955104968310667,523.1082549603174,42.539430896709334
Li:0.1052631579|Mg:0.1052631579|Mo:0.1578947368|O:0.6315789474,0.06197869641303495,703.6873784722227,46.12033394593593
Li:0.1212121212|Nb:0.1818181818|O:0.6060606061|Sr:0.09090909091,0.054180801180443744,490.73762996031735,46.319591987755835
Li:0.1282051282|O:0.6153846154|P:0.1538461538|V:0.1025641026,0.04473343627876411,482.83687103174606,42.58235416547132
Li:0.1421428571|Mg:0.07214285714|O:0.5714285714|Ti:0.2142857143,0.013523072705155393,481.04976091269856,42.44325834121558
Li:0.1428571429|Mg:0.07142857143|O:0.5714285714|Ti:0.2142857143,0.013609418109130456,481.04976091269856,42.44325834121558
Li:0.1428571429|Nd:0.1428571429|O:0.5714285714|Ti:0.1428571429,0.02903002448267402,509.8113779761905,40.24953354253876
Li:0.1428571429|P:0.1428571429|S:0.5714285714|Zn:0.1428571429,0.1876302628796198,489.3259136904762,41.952869766168774
Li:0.1528571429|Mg:0.05642857143|O:0.5714285714|Ti:0.2192857143,0.03792531350877729,479.9616855158731,42.62596866266808
Li:0.15|Nd:0.15|O:0.6|Te:0.1,0.0769977845931946,515.9485525793649,41.284481612864745
Li:0.1628571429|Mg:0.04285714286|O:0.5714285714|Ti:0.2228571429,0.03936651956322712,480.6924196428572,42.62596866266808
Li:0.1666666667|N:0.5|Si:0.3333333333,0.18115111313493498,432.80864222582966,43.46960842279356
Li:0.1666666667|Na:0.2777777778|S:0.4444444444|Ti:0.1111111111,0.22508244391999113,547.1065461309524,43.29130295751247
Li:0.1714285714|Mg:0.02857142857|O:0.5714285714|Ti:0.2285714286,0.04282868367546445,480.77179464285723,42.919998587588445
Li:0.1810391002|Mg:0.01428316372|O:0.5713265488|Ti:0.2333511873,0.03778177023130982,494.2706696428572,43.10548609517243
Li:0.1904761905|Nd:0.1428571429|O:0.5714285714|Sb:0.04761904762|Te:0.04761904762,0.0886767894180081,497.7935277777777,40.914138135410525
Li:0.1914285714|O:0.5714285714|Ti:0.2371428571,0.02458558042235627,486.4927777777778,43.10548609517243
Li:0.2068965517|P:0.1379310345|S:0.5517241379|Zn:0.1034482759,0.18533154718369457,472.7840138888889,42.52387329210434
Li:0.2222222222|S:0.5555555556|Sn:0.2222222222,0.2587690447598088,495.1288898809523,40.456906879197206
Li:0.2272727273|Nd:0.1363636364|O:0.5454545455|Sb:0.09090909091,0.03482108679196923,491.6496686507935,41.08898440699048
Li:0.2307692308|O:0.5128205128|Sc:0.2307692308|Zr:0.02564102564,0.01789511408372211,465.80735615079357,44.98863940131059
Li:0.2354497354|Mg:0.05908289242|P:0.176366843|S:0.5291005291,0.16435463003242476,447.7687748015874,43.14057324517304
Li:0.25|O:0.5|Sb:0.25,0.05500731024891557,495.4265932539681,41.00735080109832
Li:0.25|O:0.5|Sc:0.25,0.006537428902205489,473.1071428571429,43.825042017832736
Li:0.25|O:0.5|Y:0.25,0.024361631944000834,468.4037956349204,47.13313479829595
Li:0.2666666667|O:0.5333333333|P:0.1333333333|Zn:0.06666666667,0.01025409702608123,476.5574553571429,43.361679516914144
Li:0.2666666667|P:0.1333333333|S:0.5333333333|Zn:0.06666666667,0.17686241386371948,471.18019444444445,43.47829672675928
Li:0.2855917667|Mg:0.02830188679|P:0.1715265866|S:0.5145797599,0.15975948088909478,457.2039672619049,43.29130295751247
Li:0.2931034483|S:0.4827586207|Sb:0.224137931,0.28470367378167466,496.4122083333331,40.62463063768413
Li:0.2|O:0.6|V:0.2,0.02155500999299677,517.544390873016,43.16435210135155
Li:0.2|P:0.2|S:0.6,0.1545708584402506,445.1147483766234,42.6037600304485
Li:0.3076923077|O:0.5384615385|P:0.1538461538,0.027715099805828532,421.5958644480519,43.19560054438406
Li:0.3225806452|P:0.1290322581|S:0.5161290323|Zn:0.03225806452,0.16710052869922354,473.16515476190466,43.69512338493754
Li:0.3333333333|N:0.1666666667|O:0.3333333333|P:0.1666666667,0.06773984733799746,482.7348015873015,43.3661149783993
Li:0.3333333333|O:0.5|Zr:0.1666666667,0.02225823237949102,464.6015922619046,46.767096758889934
Li:0.3333333333|P:0.1428571429|S:0.5238095238,0.15375667134456814,481.688824404762,43.42860588793603
Li:0.3333333333|P:0.1666666667|S:0.5,0.14352966899531877,474.9541567460318,43.460388684312626
Li:0.3333333333|S:0.5|Si:0.1666666667,0.14658954962669002,504.1613988095239,43.460388684312626
Li:0.3333333333|S:0.5|Sn:0.1666666667,0.21002338922726702,485.16916269841244,40.44522467823708
Li:0.3716129032|N:0.01806451613|O:0.4812903226|P:0.1290322581,0.03174131352039463,417.85025928932174,43.3661149783993
Li:0.375|O:0.5|P:0.025|V:0.1,0.03405154198739465,495.3025595238096,43.441986262546706
Li:0.375|O:0.5|P:0.05|V:0.075,0.014690555823625988,476.7422619047618,43.29130295751247
Li:0.375|O:0.5|P:0.075|V:0.05,0.015129906703418886,429.8911719877345,43.29130295751247
Li:0.375|O:0.5|P:0.125,0.030479388175574537,408.04079500360734,43.46960842279356
Li:0.375|O:0.5|P:0.1|V:0.025,0.03946210581802186,405.5228436147185,43.39479640190673
Li:0.375|O:0.5|V:0.125,0.026689737839232404,500.20004464285716,43.460388684312626
Li:0.375|P:0.125|S:0.5,0.15524726881668593,478.3871577380953,43.389345196854876
Li:0.375|S:0.5|Sb:0.125,0.2198706853108824,471.17403373015856,39.933703698052554
Li:0.3902439024|P:0.09756097561|S:0.487804878|Si:0.0243902439,0.17683834413479618,478.21493551587315,43.389345196854876
Li:0.3902439024|P:0.1219512195|S:0.487804878,0.1669375836846488,478.3871577380953,43.389345196854876
Li:0.3939393939|O:0.4848484848|P:0.09090909091|Si:0.0303030303,0.03909106930590949,404.5024492694804,43.46960842279356
Li:0.3939393939|P:0.09090909091|S:0.4848484848|Sn:0.0303030303,0.24935832987768924,460.98700496031745,38.31271225996693
Li:0.3946731235|P:0.08958837772|S:0.4842615012|Sn:0.03147699758,0.2508338625688735,460.98700496031745,38.31271225996693
Li:0.3954050786|P:0.08827085852|S:0.4836759371|Sn:0.03264812576,0.2500042578330294,460.98700496031745,38.451568918054214
Li:0.3964996982|P:0.08690404345|S:0.4828002414|Sn:0.0337960169,0.24945673304988075,460.98700496031745,39.41985739960602
Li:0.3975903614|P:0.0843373494|S:0.4819277108|Sn:0.03614457831,0.24694991400360147,460.98700496031745,39.41985739960602
Li:0.400119976|P:0.08038392322|S:0.4799040192|Sn:0.03959208158,0.25720093465189986,461.9105763888889,39.49647434953621
Li:0.4047619048|P:0.07142857143|S:0.4761904762|Si:0.0380952381|Sn:0.009523809524,0.23567673535560144,462.8796537698411,36.414334884461546
Li:0.4047619048|P:0.07142857143|S:0.4761904762|Si:0.04761904762,0.192863097673935,480.79937996031754,43.23866189182065
Li:0.4065281899|P:0.06824925816|S:0.4747774481|Si:0.05044510386,0.19383315949274404,480.79937996031754,43.23866189182065
Li:0.4082840237|P:0.0650887574|S:0.4733727811|Si:0.0426035503|Sn:0.01065088757,0.24227343899855416,460.87439583333327,36.277978104330494
Li:0.4082840237|P:0.0650887574|S:0.4733727811|Si:0.05325443787,0.19397381399021327,480.79937996031754,43.23866189182065
Li:0.4100294985|P:0.06194690265|S:0.4719764012|Si:0.05604719764,0.19565070131034581,488.12637400793665,43.23866189182065
Li:0.4117647059|P:0.05882352941|S:0.4705882353|Si:0.04705882353|Sn:0.01176470588,0.24626906909555463,460.42300694444435,36.70243018068581
Li:0.4186046512|P:0.04651162791|S:0.4651162791|Si:0.06976744186,0.2034271993052972,488.12637400793665,43.23866189182065
Li:0.4192799071|O:0.4645760743|P:0.02903600465|Si:0.08710801394,0.05807965410020106,416.6624145472582,43.46960842279356
Li:0.4285714286|O:0.4571428571|P:0.02857142857|Si:0.08571428571,0.0616622052156521,412.19352565836925,43.46960842279356
Li:0.4285714286|S:0.4285714286|Sb:0.1428571429,0.3070886744199451,487.49661309523793,40.051272148987366
Li:0.4318181818|P:0.02272727273|S:0.4545454545|Si:0.09090909091,0.20959506615784196,498.68342757936523,43.389345196854876
Li:0.4444444444|S:0.1111111111|Se:0.3333333333|Sn:0.1111111111,0.29131059375987794,502.93453968253954,41.07419894505407
Li:0.4444444444|S:0.2222222222|Se:0.2222222222|Sn:0.1111111111,0.2974043877355988,497.8930218253967,40.691865885534426
Li:0.4444444444|S:0.3333333333|Se:0.1111111111|Sn:0.1111111111,0.30472509159690964,494.3572579365078,40.50901521745223
Li:0.4444444444|S:0.4444444444|Si:0.1111111111,0.21085608422616473,502.30196924603194,43.389345196854876
Li:0.4444444444|S:0.4444444444|Sn:0.1111111111,0.2595819424336908,462.37451984126966,40.39354461749163
Li:0.4444444444|Se:0.4444444444|Sn:0.1111111111,0.23960535485797316,505.0809434523808,41.24419354681977
Li:0.4|O:0.4666666667|Zr:0.1333333333,0.046728035068423414,466.83702876984114,46.94237637346721
Li:0.4|P:0.08|S:0.48|Si:0.04,0.19375690551488414,480.79937996031754,43.23866189182065
Li:0.4|P:0.08|S:0.48|Sn:0.04,0.2570643769131374,461.9105763888889,39.49647434953621
Li:0.5|O:0.4285714286|Sb:0.07142857143,0.06381581470008327,459.248413690476,39.030300452584655
Li:0.6153846154|P:0.3076923077|Si:0.07692307692,0.17521817703963027,505.23992559523833,42.86270294442465
Li:0.75|N:0.25,0.18610698702803063,447.13804897186134,40.36608948524822
Li:0.75|P:0.25,0.17703511692314058,451.0669160353535,40.36608948524822
